Workbook

Sheet Plan annuel
A1: Jour | B1: Date | C1: Semaine | D1: Ancien Testament | E1: Nouveau Testament | F1: Type lecture NT | G1: Passage miroir conseillé | H1: Thème commun | I1: Nature du lien | J1: Lien théologique | K1: Suivi | L1: Notes personnelles | M1: Audio AT (S21) | N1: Audio NT (S21) | O1: Audio miroir (S21)
A2: 1 | B2: 01/01 | C2: 1 | D2: Genèse 1–2 | E2: Jean 1.1-5 | F2: Écho thématique | G2: — | H2: Création et nouvelle création | I2: Création / accomplissement eschatologique | J2: Le texte de l'AT contemple l'œuvre créatrice de Dieu ; le NT la relit à la lumière du Christ et de la nouvelle création. | K2: À lire | M2: =HYPERLINK("https://www.bible.com/fr/audio-bible/152/GEN.1.S21","▶ Écouter AT") -> ▶ Écouter AT | N2: =HYPERLINK("https://www.bible.com/fr/audio-bible/152/JHN.1.S21","▶ Écouter NT") -> ▶ Écouter NT
A3: 2 | B3: 02/01 | C3: 1 | D3: Genèse 3–5 | E3: Romains 5 | F3: Lecture NT intégrale | G3: Éphésiens 2.4-10 | H3: Grâce et pardon | I3: Écho thématique | J3: La miséricorde de Dieu dans l'AT s'épanouit dans la grâce manifestée en Jésus-Christ. | K3: À lire | M3: =HYPERLINK("https://www.bible.com/fr/audio-bible/152/GEN.3.S21","▶ Écouter AT") -> ▶ Écouter AT | N3: =HYPERLINK("https://www.bible.com/fr/audio-bible/152/ROM.5.S21","▶ Écouter NT") -> ▶ Écouter NT | O3: =HYPERLINK("https://www.bible.com/fr/audio-bible/152/EPH.2.S21","▶ Écouter miroir") -> ▶ Écouter miroir
A4: 3 | B4: 03/01 | C4: 1 | D4: Genèse 6–7 | E4: Hébreux 8.6-13 | F4: Écho thématique | G4: — | H4: Alliance et promesses | I4: Écho thématique | J4: L'alliance de l'AT prépare et éclaire l'accomplissement des promesses en Christ. | K4: À lire | M4: =HYPERLINK("https://www.bible.com/fr/audio-bible/152/GEN.6.S21","▶ Écouter AT") -> ▶ Écouter AT | N4: =HYPERLINK("https://www.bible.com/fr/audio-bible/152/HEB.8.S21","▶ Écouter NT") -> ▶ Écouter NT
A5: 4 | B5: 04/01 | C5: 1 | D5: Genèse 8–10 | E5: Actes 15 | F5: Lecture NT intégrale | G5: — | H5: Nations et universalité du salut | I5: Déploiement du dessein de Dieu | J5: Ce que l'AT annonce concernant les nations trouve son développement dans l'universalité de l'Évangile. | K5: À lire | M5: =HYPERLINK("https://www.bible.com/fr/audio-bible/152/GEN.8.S21","▶ Écouter AT") -> ▶ Écouter AT | N5: =HYPERLINK("https://www.bible.com/fr/audio-bible/152/ACT.15.S21","▶ Écouter NT") -> ▶ Écouter NT
A6: 5 | B6: 05/01 | C6: 1 | D6: Genèse 11–12 | E6: Actes 13 | F6: Lecture NT intégrale | G6: — | H6: Nations et universalité du salut | I6: Déploiement du dessein de Dieu | J6: Ce que l'AT annonce concernant les nations trouve son développement dans l'universalité de l'Évangile. | K6: À lire | M6: =HYPERLINK("https://www.bible.com/fr/audio-bible/152/GEN.11.S21","▶ Écouter AT") -> ▶ Écouter AT | N6: =HYPERLINK("https://www.bible.com/fr/audio-bible/152/ACT.13.S21","▶ Écouter NT") -> ▶ Écouter NT
A7: 6 | B7: 06/01 | C7: 1 | D7: Genèse 13–15 | E7: Matthieu 15 | F7: Lecture NT intégrale | G7: — | H7: Nations et universalité du salut | I7: Déploiement du dessein de Dieu | J7: Ce que l'AT annonce concernant les nations trouve son développement dans l'universalité de l'Évangile. | K7: À lire | M7: =HYPERLINK("https://www.bible.com/fr/audio-bible/152/GEN.13.S21","▶ Écouter AT") -> ▶ Écouter AT | N7: =HYPERLINK("https://www.bible.com/fr/audio-bible/152/MAT.15.S21","▶ Écouter NT") -> ▶ Écouter NT
A8: 7 | B8: 07/01 | C8: 1 | D8: Genèse 16–17 | E8: Matthieu 14 | F8: Lecture NT intégrale | G8: — | H8: Nations et universalité du salut | I8: Déploiement du dessein de Dieu | J8: Ce que l'AT annonce concernant les nations trouve son développement dans l'universalité de l'Évangile. | K8: À lire | M8: =HYPERLINK("https://www.bible.com/fr/audio-bible/152/GEN.16.S21","▶ Écouter AT") -> ▶ Écouter AT | N8: =HYPERLINK("https://www.bible.com/fr/audio-bible/152/MAT.14.S21","▶ Écouter NT") -> ▶ Écouter NT
A9: 8 | B9: 08/01 | C9: 2 | D9: Genèse 18–20 | E9: Éphésiens 2.4-10 | F9: Écho thématique | G9: — | H9: Grâce et pardon | I9: Écho thématique | J9: La miséricorde de Dieu dans l'AT s'épanouit dans la grâce manifestée en Jésus-Christ. | K9: À lire | M9: =HYPERLINK("https://www.bible.com/fr/audio-bible/152/GEN.18.S21","▶ Écouter AT") -> ▶ Écouter AT | N9: =HYPERLINK("https://www.bible.com/fr/audio-bible/152/EPH.2.S21","▶ Écouter NT") -> ▶ Écouter NT
A10: 9 | B10: 09/01 | C10: 2 | D10: Genèse 21–22 | E10: Hébreux 10.10-14 | F10: Écho thématique | G10: — | H10: Sacrifice et expiation | I10: Typologie / accomplissement | J10: Le sacrifice de l'AT fonctionne comme une ombre qui éclaire l'offrande parfaite du Christ. | K10: À lire | M10: =HYPERLINK("https://www.bible.com/fr/audio-bible/152/GEN.21.S21","▶ Écouter AT") -> ▶ Écouter AT | N10: =HYPERLINK("https://www.bible.com/fr/audio-bible/152/HEB.10.S21","▶ Écouter NT") -> ▶ Écouter NT
A11: 10 | B11: 10/01 | C11: 2 | D11: Genèse 23–25 | E11: Hébreux 8.6-13 | F11: Écho thématique | G11: — | H11: Alliance et promesses | I11: Écho thématique | J11: L'alliance de l'AT prépare et éclaire l'accomplissement des promesses en Christ. | K11: À lire | M11: =HYPERLINK("https://www.bible.com/fr/audio-bible/152/GEN.23.S21","▶ Écouter AT") -> ▶ Écouter AT | N11: =HYPERLINK("https://www.bible.com/fr/audio-bible/152/HEB.8.S21","▶ Écouter NT") -> ▶ Écouter NT
A12: 11 | B12: 11/01 | C12: 2 | D12: Genèse 26–27 | E12: Hébreux 8.6-13 | F12: Écho thématique | G12: — | H12: Alliance et promesses | I12: Écho thématique | J12: L'alliance de l'AT prépare et éclaire l'accomplissement des promesses en Christ. | K12: À lire | M12: =HYPERLINK("https://www.bible.com/fr/audio-bible/152/GEN.26.S21","▶ Écouter AT") -> ▶ Écouter AT | N12: =HYPERLINK("https://www.bible.com/fr/audio-bible/152/HEB.8.S21","▶ Écouter NT") -> ▶ Écouter NT
A13: 12 | B13: 12/01 | C13: 2 | D13: Genèse 28–30 | E13: Galates 4 | F13: Lecture NT intégrale | G13: — | H13: Alliance et promesses | I13: Écho thématique | J13: L'alliance de l'AT prépare et éclaire l'accomplissement des promesses en Christ. | K13: À lire | M13: =HYPERLINK("https://www.bible.com/fr/audio-bible/152/GEN.28.S21","▶ Écouter AT") -> ▶ Écouter AT | N13: =HYPERLINK("https://www.bible.com/fr/audio-bible/152/GAL.4.S21","▶ Écouter NT") -> ▶ Écouter NT
A14: 13 | B14: 13/01 | C14: 2 | D14: Genèse 31–33 | E14: Matthieu 20 | F14: Lecture NT intégrale | G14: Hébreux 8.6-13 | H14: Alliance et promesses | I14: Écho thématique | J14: L'alliance de l'AT prépare et éclaire l'accomplissement des promesses en Christ. | K14: À lire | M14: =HYPERLINK("https://www.bible.com/fr/audio-bible/152/GEN.31.S21","▶ Écouter AT") -> ▶ Écouter AT | N14: =HYPERLINK("https://www.bible.com/fr/audio-bible/152/MAT.20.S21","▶ Écouter NT") -> ▶ Écouter NT | O14: =HYPERLINK("https://www.bible.com/fr/audio-bible/152/HEB.8.S21","▶ Écouter miroir") -> ▶ Écouter miroir
A15: 14 | B15: 14/01 | C15: 2 | D15: Genèse 34–35 | E15: Matthieu 19 | F15: Lecture NT intégrale | G15: Hébreux 8.6-13 | H15: Alliance et promesses | I15: Écho thématique | J15: L'alliance de l'AT prépare et éclaire l'accomplissement des promesses en Christ. | K15: À lire | M15: =HYPERLINK("https://www.bible.com/fr/audio-bible/152/GEN.34.S21","▶ Écouter AT") -> ▶ Écouter AT | N15: =HYPERLINK("https://www.bible.com/fr/audio-bible/152/MAT.19.S21","▶ Écouter NT") -> ▶ Écouter NT | O15: =HYPERLINK("https://www.bible.com/fr/audio-bible/152/HEB.8.S21","▶ Écouter miroir") -> ▶ Écouter miroir
A16: 15 | B16: 15/01 | C16: 3 | D16: Genèse 36–38 | E16: Actes 26 | F16: Lecture NT intégrale | G16: Hébreux 8.6-13 | H16: Alliance et promesses | I16: Écho thématique | J16: L'alliance de l'AT prépare et éclaire l'accomplissement des promesses en Christ. | K16: À lire | M16: =HYPERLINK("https://www.bible.com/fr/audio-bible/152/GEN.36.S21","▶ Écouter AT") -> ▶ Écouter AT | N16: =HYPERLINK("https://www.bible.com/fr/audio-bible/152/ACT.26.S21","▶ Écouter NT") -> ▶ Écouter NT | O16: =HYPERLINK("https://www.bible.com/fr/audio-bible/152/HEB.8.S21","▶ Écouter miroir") -> ▶ Écouter miroir
A17: 16 | B17: 16/01 | C17: 3 | D17: Genèse 39–40 | E17: Actes 24 | F17: Lecture NT intégrale | G17: 1 Pierre 2.21-24 | H17: Souffrance et persévérance | I17: Écho thématique | J17: La souffrance du juste dans l'AT s'éclaire par celle du Christ et l'espérance donnée aux croyants. | K17: À lire | M17: =HYPERLINK("https://www.bible.com/fr/audio-bible/152/GEN.39.S21","▶ Écouter AT") -> ▶ Écouter AT | N17: =HYPERLINK("https://www.bible.com/fr/audio-bible/152/ACT.24.S21","▶ Écouter NT") -> ▶ Écouter NT | O17: =HYPERLINK("https://www.bible.com/fr/audio-bible/152/1PE.2.S21","▶ Écouter miroir") -> ▶ Écouter miroir
A18: 17 | B18: 17/01 | C18: 3 | D18: Genèse 41–43 | E18: Actes 23 | F18: Lecture NT intégrale | G18: 1 Pierre 2.21-24 | H18: Souffrance et persévérance | I18: Écho thématique | J18: La souffrance du juste dans l'AT s'éclaire par celle du Christ et l'espérance donnée aux croyants. | K18: À lire | M18: =HYPERLINK("https://www.bible.com/fr/audio-bible/152/GEN.41.S21","▶ Écouter AT") -> ▶ Écouter AT | N18: =HYPERLINK("https://www.bible.com/fr/audio-bible/152/ACT.23.S21","▶ Écouter NT") -> ▶ Écouter NT | O18: =HYPERLINK("https://www.bible.com/fr/audio-bible/152/1PE.2.S21","▶ Écouter miroir") -> ▶ Écouter miroir
A19: 18 | B19: 18/01 | C19: 3 | D19: Genèse 44–45 | E19: Philémon 1 | F19: Lecture NT intégrale | G19: Éphésiens 4.31-32 | H19: Pardon | I19: Continuité théologique et pratique | J19: Le pardon recherché dans l'AT s'enracine dans le pardon reçu en Christ. | K19: À lire | M19: =HYPERLINK("https://www.bible.com/fr/audio-bible/152/GEN.44.S21","▶ Écouter AT") -> ▶ Écouter AT | N19: =HYPERLINK("https://www.bible.com/fr/audio-bible/152/PHM.1.S21","▶ Écouter NT") -> ▶ Écouter NT | O19: =HYPERLINK("https://www.bible.com/fr/audio-bible/152/EPH.4.S21","▶ Écouter miroir") -> ▶ Écouter miroir
A20: 19 | B20: 19/01 | C20: 3 | D20: Genèse 46–48 | E20: Actes 16 | F20: Lecture NT intégrale | G20: — | H20: Nations et universalité du salut | I20: Déploiement du dessein de Dieu | J20: Ce que l'AT annonce concernant les nations trouve son développement dans l'universalité de l'Évangile. | K20: À lire | M20: =HYPERLINK("https://www.bible.com/fr/audio-bible/152/GEN.46.S21","▶ Écouter AT") -> ▶ Écouter AT | N20: =HYPERLINK("https://www.bible.com/fr/audio-bible/152/ACT.16.S21","▶ Écouter NT") -> ▶ Écouter NT
A21: 20 | B21: 20/01 | C21: 3 | D21: Genèse 49–50 | E21: Actes 14 | F21: Lecture NT intégrale | G21: Éphésiens 3.4-6 | H21: Nations et universalité du salut | I21: Déploiement du dessein de Dieu | J21: Ce que l'AT annonce concernant les nations trouve son développement dans l'universalité de l'Évangile. | K21: À lire | M21: =HYPERLINK("https://www.bible.com/fr/audio-bible/152/GEN.49.S21","▶ Écouter AT") -> ▶ Écouter AT | N21: =HYPERLINK("https://www.bible.com/fr/audio-bible/152/ACT.14.S21","▶ Écouter NT") -> ▶ Écouter NT | O21: =HYPERLINK("https://www.bible.com/fr/audio-bible/152/EPH.3.S21","▶ Écouter miroir") -> ▶ Écouter miroir
A22: 21 | B22: 21/01 | C22: 3 | D22: Exode 1–3 | E22: 1 Corinthiens 10.1-4 | F22: Écho thématique | G22: — | H22: Exode, salut et libération | I22: Typologie / accomplissement | J22: La sortie de l'esclavage devient une figure du salut et de la vie nouvelle en Christ. | K22: À lire | M22: =HYPERLINK("https://www.bible.com/fr/audio-bible/152/EXO.1.S21","▶ Écouter AT") -> ▶ Écouter AT | N22: =HYPERLINK("https://www.bible.com/fr/audio-bible/152/1CO.10.S21","▶ Écouter NT") -> ▶ Écouter NT
A23: 22 | B23: 22/01 | C23: 4 | D23: Exode 4–5 | E23: 1 Corinthiens 10 | F23: Lecture NT intégrale | G23: — | H23: Exode, salut et libération | I23: Typologie / accomplissement | J23: La sortie de l'esclavage devient une figure du salut et de la vie nouvelle en Christ. | K23: À lire | M23: =HYPERLINK("https://www.bible.com/fr/audio-bible/152/EXO.4.S21","▶ Écouter AT") -> ▶ Écouter AT | N23: =HYPERLINK("https://www.bible.com/fr/audio-bible/152/1CO.10.S21","▶ Écouter NT") -> ▶ Écouter NT
A24: 23 | B24: 23/01 | C24: 4 | D24: Exode 6–8 | E24: 1 Corinthiens 9 | F24: Lecture NT intégrale | G24: — | H24: Exode, salut et libération | I24: Typologie / accomplissement | J24: La sortie de l'esclavage devient une figure du salut et de la vie nouvelle en Christ. | K24: À lire | M24: =HYPERLINK("https://www.bible.com/fr/audio-bible/152/EXO.6.S21","▶ Écouter AT") -> ▶ Écouter AT | N24: =HYPERLINK("https://www.bible.com/fr/audio-bible/152/1CO.9.S21","▶ Écouter NT") -> ▶ Écouter NT
A25: 24 | B25: 24/01 | C25: 4 | D25: Exode 9–11 | E25: 1 Corinthiens 8 | F25: Lecture NT intégrale | G25: — | H25: Exode, salut et libération | I25: Typologie / accomplissement | J25: La sortie de l'esclavage devient une figure du salut et de la vie nouvelle en Christ. | K25: À lire | M25: =HYPERLINK("https://www.bible.com/fr/audio-bible/152/EXO.9.S21","▶ Écouter AT") -> ▶ Écouter AT | N25: =HYPERLINK("https://www.bible.com/fr/audio-bible/152/1CO.8.S21","▶ Écouter NT") -> ▶ Écouter NT
A26: 25 | B26: 25/01 | C26: 4 | D26: Exode 12–13 | E26: Marc 14 | F26: Lecture NT intégrale | G26: — | H26: Sacrifice et expiation | I26: Typologie / accomplissement | J26: Le sacrifice de l'AT fonctionne comme une ombre qui éclaire l'offrande parfaite du Christ. | K26: À lire | M26: =HYPERLINK("https://www.bible.com/fr/audio-bible/152/EXO.12.S21","▶ Écouter AT") -> ▶ Écouter AT | N26: =HYPERLINK("https://www.bible.com/fr/audio-bible/152/MRK.14.S21","▶ Écouter NT") -> ▶ Écouter NT
A27: 26 | B27: 26/01 | C27: 4 | D27: Exode 14–16 | E27: Jean 6 | F27: Lecture NT intégrale | G27: — | H27: Exode, salut et libération | I27: Typologie / accomplissement | J27: La sortie de l'esclavage devient une figure du salut et de la vie nouvelle en Christ. | K27: À lire | M27: =HYPERLINK("https://www.bible.com/fr/audio-bible/152/EXO.14.S21","▶ Écouter AT") -> ▶ Écouter AT | N27: =HYPERLINK("https://www.bible.com/fr/audio-bible/152/JHN.6.S21","▶ Écouter NT") -> ▶ Écouter NT
A28: 27 | B28: 27/01 | C28: 4 | D28: Exode 17–18 | E28: Hébreux 3.7-19 | F28: Écho thématique | G28: — | H28: Désert, épreuve et persévérance | I28: Avertissement / contraste | J28: L'expérience du désert avertit contre l'incrédulité et appelle à persévérer dans la foi. | K28: À lire | M28: =HYPERLINK("https://www.bible.com/fr/audio-bible/152/EXO.17.S21","▶ Écouter AT") -> ▶ Écouter AT | N28: =HYPERLINK("https://www.bible.com/fr/audio-bible/152/HEB.3.S21","▶ Écouter NT") -> ▶ Écouter NT
A29: 28 | B29: 28/01 | C29: 4 | D29: Exode 19–21 | E29: Hébreux 8.6-13 | F29: Écho thématique | G29: — | H29: Alliance et promesses | I29: Écho thématique | J29: L'alliance de l'AT prépare et éclaire l'accomplissement des promesses en Christ. | K29: À lire | M29: =HYPERLINK("https://www.bible.com/fr/audio-bible/152/EXO.19.S21","▶ Écouter AT") -> ▶ Écouter AT | N29: =HYPERLINK("https://www.bible.com/fr/audio-bible/152/HEB.8.S21","▶ Écouter NT") -> ▶ Écouter NT
A30: 29 | B30: 29/01 | C30: 5 | D30: Exode 22–23 | E30: Hébreux 8.6-13 | F30: Écho thématique | G30: — | H30: Alliance et promesses | I30: Écho thématique | J30: L'alliance de l'AT prépare et éclaire l'accomplissement des promesses en Christ. | K30: À lire | M30: =HYPERLINK("https://www.bible.com/fr/audio-bible/152/EXO.22.S21","▶ Écouter AT") -> ▶ Écouter AT | N30: =HYPERLINK("https://www.bible.com/fr/audio-bible/152/HEB.8.S21","▶ Écouter NT") -> ▶ Écouter NT
A31: 30 | B31: 30/01 | C31: 5 | D31: Exode 24–26 | E31: Hébreux 7.23-28 | F31: Écho thématique | G31: — | H31: Prêtrise et médiation | I31: Typologie / accomplissement | J31: La médiation sacerdotale de l'AT conduit au grand-prêtre parfait qu'est Jésus. | K31: À lire | M31: =HYPERLINK("https://www.bible.com/fr/audio-bible/152/EXO.24.S21","▶ Écouter AT") -> ▶ Écouter AT | N31: =HYPERLINK("https://www.bible.com/fr/audio-bible/152/HEB.7.S21","▶ Écouter NT") -> ▶ Écouter NT
A32: 31 | B32: 31/01 | C32: 5 | D32: Exode 27–28 | E32: Hébreux 7.23-28 | F32: Écho thématique | G32: — | H32: Prêtrise et médiation | I32: Typologie / accomplissement | J32: La médiation sacerdotale de l'AT conduit au grand-prêtre parfait qu'est Jésus. | K32: À lire | M32: =HYPERLINK("https://www.bible.com/fr/audio-bible/152/EXO.27.S21","▶ Écouter AT") -> ▶ Écouter AT | N32: =HYPERLINK("https://www.bible.com/fr/audio-bible/152/HEB.7.S21","▶ Écouter NT") -> ▶ Écouter NT
A33: 32 | B33: 01/02 | C33: 5 | D33: Exode 29–31 | E33: Hébreux 7.23-28 | F33: Écho thématique | G33: — | H33: Prêtrise et médiation | I33: Typologie / accomplissement | J33: La médiation sacerdotale de l'AT conduit au grand-prêtre parfait qu'est Jésus. | K33: À lire | M33: =HYPERLINK("https://www.bible.com/fr/audio-bible/152/EXO.29.S21","▶ Écouter AT") -> ▶ Écouter AT | N33: =HYPERLINK("https://www.bible.com/fr/audio-bible/152/HEB.7.S21","▶ Écouter NT") -> ▶ Écouter NT
A34: 33 | B34: 02/02 | C34: 5 | D34: Exode 32–33 | E34: Romains 10 | F34: Lecture NT intégrale | G34: — | H34: Alliance et promesses | I34: Écho thématique | J34: L'alliance de l'AT prépare et éclaire l'accomplissement des promesses en Christ. | K34: À lire | M34: =HYPERLINK("https://www.bible.com/fr/audio-bible/152/EXO.32.S21","▶ Écouter AT") -> ▶ Écouter AT | N34: =HYPERLINK("https://www.bible.com/fr/audio-bible/152/ROM.10.S21","▶ Écouter NT") -> ▶ Écouter NT
A35: 34 | B35: 03/02 | C35: 5 | D35: Exode 34–36 | E35: Romains 9 | F35: Lecture NT intégrale | G35: — | H35: Alliance et promesses | I35: Écho thématique | J35: L'alliance de l'AT prépare et éclaire l'accomplissement des promesses en Christ. | K35: À lire | M35: =HYPERLINK("https://www.bible.com/fr/audio-bible/152/EXO.34.S21","▶ Écouter AT") -> ▶ Écouter AT | N35: =HYPERLINK("https://www.bible.com/fr/audio-bible/152/ROM.9.S21","▶ Écouter NT") -> ▶ Écouter NT
A36: 35 | B36: 04/02 | C36: 5 | D36: Exode 37–39 | E36: Galates 6 | F36: Lecture NT intégrale | G36: Hébreux 9.1-12 | H36: Tabernacle et demeure de Dieu | I36: Typologie / accomplissement | J36: Le sanctuaire terrestre annonce l'accès véritable à Dieu ouvert par Christ. | K36: À lire | M36: =HYPERLINK("https://www.bible.com/fr/audio-bible/152/EXO.37.S21","▶ Écouter AT") -> ▶ Écouter AT | N36: =HYPERLINK("https://www.bible.com/fr/audio-bible/152/GAL.6.S21","▶ Écouter NT") -> ▶ Écouter NT | O36: =HYPERLINK("https://www.bible.com/fr/audio-bible/152/HEB.9.S21","▶ Écouter miroir") -> ▶ Écouter miroir
A37: 36 | B37: 05/02 | C37: 6 | D37: Exode 40 ; Lévitique 1 | E37: Hébreux 10 | F37: Lecture NT intégrale | G37: — | H37: Sacrifice et expiation | I37: Typologie / accomplissement | J37: Le sacrifice de l'AT fonctionne comme une ombre qui éclaire l'offrande parfaite du Christ. | K37: À lire | M37: =HYPERLINK("https://www.bible.com/fr/audio-bible/152/LEV.1.S21","▶ Écouter AT") -> ▶ Écouter AT | N37: =HYPERLINK("https://www.bible.com/fr/audio-bible/152/HEB.10.S21","▶ Écouter NT") -> ▶ Écouter NT
A38: 37 | B38: 06/02 | C38: 6 | D38: Lévitique 2–4 | E38: Hébreux 10.10-14 | F38: Écho thématique | G38: — | H38: Sacrifice et expiation | I38: Typologie / accomplissement | J38: Le sacrifice de l'AT fonctionne comme une ombre qui éclaire l'offrande parfaite du Christ. | K38: À lire | M38: =HYPERLINK("https://www.bible.com/fr/audio-bible/152/LEV.2.S21","▶ Écouter AT") -> ▶ Écouter AT | N38: =HYPERLINK("https://www.bible.com/fr/audio-bible/152/HEB.10.S21","▶ Écouter NT") -> ▶ Écouter NT
A39: 38 | B39: 07/02 | C39: 6 | D39: Lévitique 5–6 | E39: Hébreux 10.10-14 | F39: Écho thématique | G39: — | H39: Sacrifice et expiation | I39: Typologie / accomplissement | J39: Le sacrifice de l'AT fonctionne comme une ombre qui éclaire l'offrande parfaite du Christ. | K39: À lire | M39: =HYPERLINK("https://www.bible.com/fr/audio-bible/152/LEV.5.S21","▶ Écouter AT") -> ▶ Écouter AT | N39: =HYPERLINK("https://www.bible.com/fr/audio-bible/152/HEB.10.S21","▶ Écouter NT") -> ▶ Écouter NT
A40: 39 | B40: 08/02 | C40: 6 | D40: Lévitique 7–9 | E40: Hébreux 9 | F40: Lecture NT intégrale | G40: — | H40: Sacrifice et expiation | I40: Typologie / accomplissement | J40: Le sacrifice de l'AT fonctionne comme une ombre qui éclaire l'offrande parfaite du Christ. | K40: À lire | M40: =HYPERLINK("https://www.bible.com/fr/audio-bible/152/LEV.7.S21","▶ Écouter AT") -> ▶ Écouter AT | N40: =HYPERLINK("https://www.bible.com/fr/audio-bible/152/HEB.9.S21","▶ Écouter NT") -> ▶ Écouter NT
A41: 40 | B41: 09/02 | C41: 6 | D41: Lévitique 10–11 | E41: Matthieu 23 | F41: Lecture NT intégrale | G41: Hébreux 7.23-28 | H41: Prêtrise et médiation | I41: Typologie / accomplissement | J41: La médiation sacerdotale de l'AT conduit au grand-prêtre parfait qu'est Jésus. | K41: À lire | M41: =HYPERLINK("https://www.bible.com/fr/audio-bible/152/LEV.10.S21","▶ Écouter AT") -> ▶ Écouter AT | N41: =HYPERLINK("https://www.bible.com/fr/audio-bible/152/MAT.23.S21","▶ Écouter NT") -> ▶ Écouter NT | O41: =HYPERLINK("https://www.bible.com/fr/audio-bible/152/HEB.7.S21","▶ Écouter miroir") -> ▶ Écouter miroir
A42: 41 | B42: 10/02 | C42: 6 | D42: Lévitique 12–14 | E42: 1 Corinthiens 7 | F42: Lecture NT intégrale | G42: 1 Pierre 1.15-16 | H42: Sainteté | I42: Continuité théologique et pratique | J42: L'appel d'Israël à être saint se prolonge pour le peuple de Dieu dans le NT. | K42: À lire | M42: =HYPERLINK("https://www.bible.com/fr/audio-bible/152/LEV.12.S21","▶ Écouter AT") -> ▶ Écouter AT | N42: =HYPERLINK("https://www.bible.com/fr/audio-bible/152/1CO.7.S21","▶ Écouter NT") -> ▶ Écouter NT | O42: =HYPERLINK("https://www.bible.com/fr/audio-bible/152/1PE.1.S21","▶ Écouter miroir") -> ▶ Écouter miroir
A43: 42 | B43: 11/02 | C43: 6 | D43: Lévitique 15–16 | E43: Hébreux 8 | F43: Lecture NT intégrale | G43: — | H43: Sacrifice et expiation | I43: Typologie / accomplissement | J43: Le sacrifice de l'AT fonctionne comme une ombre qui éclaire l'offrande parfaite du Christ. | K43: À lire | M43: =HYPERLINK("https://www.bible.com/fr/audio-bible/152/LEV.15.S21","▶ Écouter AT") -> ▶ Écouter AT | N43: =HYPERLINK("https://www.bible.com/fr/audio-bible/152/HEB.8.S21","▶ Écouter NT") -> ▶ Écouter NT
A44: 43 | B44: 12/02 | C44: 7 | D44: Lévitique 17–19 | E44: Jacques 2 | F44: Lecture NT intégrale | G44: Hébreux 10.10-14 | H44: Sacrifice et expiation | I44: Typologie / accomplissement | J44: Le sacrifice de l'AT fonctionne comme une ombre qui éclaire l'offrande parfaite du Christ. | K44: À lire | M44: =HYPERLINK("https://www.bible.com/fr/audio-bible/152/LEV.17.S21","▶ Écouter AT") -> ▶ Écouter AT | N44: =HYPERLINK("https://www.bible.com/fr/audio-bible/152/JAS.2.S21","▶ Écouter NT") -> ▶ Écouter NT | O44: =HYPERLINK("https://www.bible.com/fr/audio-bible/152/HEB.10.S21","▶ Écouter miroir") -> ▶ Écouter miroir
A45: 44 | B45: 13/02 | C45: 7 | D45: Lévitique 20–21 | E45: Colossiens 3 | F45: Lecture NT intégrale | G45: Hébreux 10.10-14 | H45: Sacrifice et expiation | I45: Typologie / accomplissement | J45: Le sacrifice de l'AT fonctionne comme une ombre qui éclaire l'offrande parfaite du Christ. | K45: À lire | M45: =HYPERLINK("https://www.bible.com/fr/audio-bible/152/LEV.20.S21","▶ Écouter AT") -> ▶ Écouter AT | N45: =HYPERLINK("https://www.bible.com/fr/audio-bible/152/COL.3.S21","▶ Écouter NT") -> ▶ Écouter NT | O45: =HYPERLINK("https://www.bible.com/fr/audio-bible/152/HEB.10.S21","▶ Écouter miroir") -> ▶ Écouter miroir
A46: 45 | B46: 14/02 | C46: 7 | D46: Lévitique 22–24 | E46: Matthieu 27 | F46: Lecture NT intégrale | G46: — | H46: Sacrifice et expiation | I46: Typologie / accomplissement | J46: Le sacrifice de l'AT fonctionne comme une ombre qui éclaire l'offrande parfaite du Christ. | K46: À lire | M46: =HYPERLINK("https://www.bible.com/fr/audio-bible/152/LEV.22.S21","▶ Écouter AT") -> ▶ Écouter AT | N46: =HYPERLINK("https://www.bible.com/fr/audio-bible/152/MAT.27.S21","▶ Écouter NT") -> ▶ Écouter NT
A47: 46 | B47: 15/02 | C47: 7 | D47: Lévitique 25–27 | E47: Luc 23 | F47: Lecture NT intégrale | G47: 1 Corinthiens 5.7-8 | H47: Pâque et délivrance | I47: Typologie / accomplissement | J47: La délivrance pascale de l'AT annonce le salut accompli par le Christ, notre Pâque. | K47: À lire | M47: =HYPERLINK("https://www.bible.com/fr/audio-bible/152/LEV.25.S21","▶ Écouter AT") -> ▶ Écouter AT | N47: =HYPERLINK("https://www.bible.com/fr/audio-bible/152/LUK.23.S21","▶ Écouter NT") -> ▶ Écouter NT | O47: =HYPERLINK("https://www.bible.com/fr/audio-bible/152/1CO.5.S21","▶ Écouter miroir") -> ▶ Écouter miroir
A48: 47 | B48: 16/02 | C48: 7 | D48: Nombres 1–2 | E48: 1 Corinthiens 6 | F48: Lecture NT intégrale | G48: Hébreux 7.23-28 | H48: Prêtrise et médiation | I48: Typologie / accomplissement | J48: La médiation sacerdotale de l'AT conduit au grand-prêtre parfait qu'est Jésus. | K48: À lire | M48: =HYPERLINK("https://www.bible.com/fr/audio-bible/152/NUM.1.S21","▶ Écouter AT") -> ▶ Écouter AT | N48: =HYPERLINK("https://www.bible.com/fr/audio-bible/152/1CO.6.S21","▶ Écouter NT") -> ▶ Écouter NT | O48: =HYPERLINK("https://www.bible.com/fr/audio-bible/152/HEB.7.S21","▶ Écouter miroir") -> ▶ Écouter miroir
A49: 48 | B49: 17/02 | C49: 7 | D49: Nombres 3–5 | E49: 1 Corinthiens 5 | F49: Lecture NT intégrale | G49: Hébreux 7.23-28 | H49: Prêtrise et médiation | I49: Typologie / accomplissement | J49: La médiation sacerdotale de l'AT conduit au grand-prêtre parfait qu'est Jésus. | K49: À lire | M49: =HYPERLINK("https://www.bible.com/fr/audio-bible/152/NUM.3.S21","▶ Écouter AT") -> ▶ Écouter AT | N49: =HYPERLINK("https://www.bible.com/fr/audio-bible/152/1CO.5.S21","▶ Écouter NT") -> ▶ Écouter NT | O49: =HYPERLINK("https://www.bible.com/fr/audio-bible/152/HEB.7.S21","▶ Écouter miroir") -> ▶ Écouter miroir
A50: 49 | B50: 18/02 | C50: 7 | D50: Nombres 6–7 | E50: Actes 5 | F50: Lecture NT intégrale | G50: Hébreux 7.23-28 | H50: Prêtrise et médiation | I50: Typologie / accomplissement | J50: La médiation sacerdotale de l'AT conduit au grand-prêtre parfait qu'est Jésus. | K50: À lire | M50: =HYPERLINK("https://www.bible.com/fr/audio-bible/152/NUM.6.S21","▶ Écouter AT") -> ▶ Écouter AT | N50: =HYPERLINK("https://www.bible.com/fr/audio-bible/152/ACT.5.S21","▶ Écouter NT") -> ▶ Écouter NT | O50: =HYPERLINK("https://www.bible.com/fr/audio-bible/152/HEB.7.S21","▶ Écouter miroir") -> ▶ Écouter miroir
A51: 50 | B51: 19/02 | C51: 8 | D51: Nombres 8–10 | E51: Hébreux 3.7-19 | F51: Écho thématique | G51: — | H51: Désert, épreuve et persévérance | I51: Avertissement / contraste | J51: L'expérience du désert avertit contre l'incrédulité et appelle à persévérer dans la foi. | K51: À lire | M51: =HYPERLINK("https://www.bible.com/fr/audio-bible/152/NUM.8.S21","▶ Écouter AT") -> ▶ Écouter AT | N51: =HYPERLINK("https://www.bible.com/fr/audio-bible/152/HEB.3.S21","▶ Écouter NT") -> ▶ Écouter NT
A52: 51 | B52: 20/02 | C52: 8 | D52: Nombres 11–12 | E52: Matthieu 24 | F52: Lecture NT intégrale | G52: Hébreux 3.7-19 | H52: Désert, épreuve et persévérance | I52: Avertissement / contraste | J52: L'expérience du désert avertit contre l'incrédulité et appelle à persévérer dans la foi. | K52: À lire | M52: =HYPERLINK("https://www.bible.com/fr/audio-bible/152/NUM.11.S21","▶ Écouter AT") -> ▶ Écouter AT | N52: =HYPERLINK("https://www.bible.com/fr/audio-bible/152/MAT.24.S21","▶ Écouter NT") -> ▶ Écouter NT | O52: =HYPERLINK("https://www.bible.com/fr/audio-bible/152/HEB.3.S21","▶ Écouter miroir") -> ▶ Écouter miroir
A53: 52 | B53: 21/02 | C53: 8 | D53: Nombres 13–15 | E53: Matthieu 25 | F53: Lecture NT intégrale | G53: Hébreux 7.23-28 | H53: Prêtrise et médiation | I53: Typologie / accomplissement | J53: La médiation sacerdotale de l'AT conduit au grand-prêtre parfait qu'est Jésus. | K53: À lire | M53: =HYPERLINK("https://www.bible.com/fr/audio-bible/152/NUM.13.S21","▶ Écouter AT") -> ▶ Écouter AT | N53: =HYPERLINK("https://www.bible.com/fr/audio-bible/152/MAT.25.S21","▶ Écouter NT") -> ▶ Écouter NT | O53: =HYPERLINK("https://www.bible.com/fr/audio-bible/152/HEB.7.S21","▶ Écouter miroir") -> ▶ Écouter miroir
A54: 53 | B54: 22/02 | C54: 8 | D54: Nombres 16–17 | E54: Hébreux 7.23-28 | F54: Écho thématique | G54: — | H54: Prêtrise et médiation | I54: Typologie / accomplissement | J54: La médiation sacerdotale de l'AT conduit au grand-prêtre parfait qu'est Jésus. | K54: À lire | M54: =HYPERLINK("https://www.bible.com/fr/audio-bible/152/NUM.16.S21","▶ Écouter AT") -> ▶ Écouter AT | N54: =HYPERLINK("https://www.bible.com/fr/audio-bible/152/HEB.7.S21","▶ Écouter NT") -> ▶ Écouter NT
A55: 54 | B55: 23/02 | C55: 8 | D55: Nombres 18–20 | E55: Marc 4 | F55: Lecture NT intégrale | G55: Hébreux 7.23-28 | H55: Prêtrise et médiation | I55: Typologie / accomplissement | J55: La médiation sacerdotale de l'AT conduit au grand-prêtre parfait qu'est Jésus. | K55: À lire | M55: =HYPERLINK("https://www.bible.com/fr/audio-bible/152/NUM.18.S21","▶ Écouter AT") -> ▶ Écouter AT | N55: =HYPERLINK("https://www.bible.com/fr/audio-bible/152/MRK.4.S21","▶ Écouter NT") -> ▶ Écouter NT | O55: =HYPERLINK("https://www.bible.com/fr/audio-bible/152/HEB.7.S21","▶ Écouter miroir") -> ▶ Écouter miroir
A56: 55 | B56: 24/02 | C56: 8 | D56: Nombres 21–22 | E56: Marc 6 | F56: Lecture NT intégrale | G56: — | H56: Messie et accomplissement | I56: Promesse / accomplissement | J56: La figure ou la promesse messianique de l'AT converge vers Jésus. | K56: À lire | M56: =HYPERLINK("https://www.bible.com/fr/audio-bible/152/NUM.21.S21","▶ Écouter AT") -> ▶ Écouter AT | N56: =HYPERLINK("https://www.bible.com/fr/audio-bible/152/MRK.6.S21","▶ Écouter NT") -> ▶ Écouter NT
A57: 56 | B57: 25/02 | C57: 8 | D57: Nombres 23–25 | E57: Matthieu 1 | F57: Lecture NT intégrale | G57: — | H57: Messie et accomplissement | I57: Promesse / accomplissement | J57: La figure ou la promesse messianique de l'AT converge vers Jésus. | K57: À lire | M57: =HYPERLINK("https://www.bible.com/fr/audio-bible/152/NUM.23.S21","▶ Écouter AT") -> ▶ Écouter AT | N57: =HYPERLINK("https://www.bible.com/fr/audio-bible/152/MAT.1.S21","▶ Écouter NT") -> ▶ Écouter NT
A58: 57 | B58: 26/02 | C58: 9 | D58: Nombres 26–28 | E58: 1 Timothée 3 | F58: Lecture NT intégrale | G58: Hébreux 8.6-13 | H58: Alliance et promesses | I58: Écho thématique | J58: L'alliance de l'AT prépare et éclaire l'accomplissement des promesses en Christ. | K58: À lire | M58: =HYPERLINK("https://www.bible.com/fr/audio-bible/152/NUM.26.S21","▶ Écouter AT") -> ▶ Écouter AT | N58: =HYPERLINK("https://www.bible.com/fr/audio-bible/152/1TI.3.S21","▶ Écouter NT") -> ▶ Écouter NT | O58: =HYPERLINK("https://www.bible.com/fr/audio-bible/152/HEB.8.S21","▶ Écouter miroir") -> ▶ Écouter miroir
A59: 58 | B59: 27/02 | C59: 9 | D59: Nombres 29–30 | E59: Hébreux 12 | F59: Lecture NT intégrale | G59: — | H59: Alliance et promesses | I59: Écho thématique | J59: L'alliance de l'AT prépare et éclaire l'accomplissement des promesses en Christ. | K59: À lire | M59: =HYPERLINK("https://www.bible.com/fr/audio-bible/152/NUM.29.S21","▶ Écouter AT") -> ▶ Écouter AT | N59: =HYPERLINK("https://www.bible.com/fr/audio-bible/152/HEB.12.S21","▶ Écouter NT") -> ▶ Écouter NT
A60: 59 | B60: 28/02 | C60: 9 | D60: Nombres 31–33 | E60: Romains 2 | F60: Lecture NT intégrale | G60: — | H60: Justice et droiture | I60: Continuité théologique et pratique | J60: L'exigence de justice dans l'AT demeure et est approfondie par l'Évangile. | K60: À lire | M60: =HYPERLINK("https://www.bible.com/fr/audio-bible/152/NUM.31.S21","▶ Écouter AT") -> ▶ Écouter AT | N60: =HYPERLINK("https://www.bible.com/fr/audio-bible/152/ROM.2.S21","▶ Écouter NT") -> ▶ Écouter NT
A61: 60 | B61: 01/03 | C61: 9 | D61: Nombres 34–35 | E61: Romains 1 | F61: Lecture NT intégrale | G61: — | H61: Justice et droiture | I61: Continuité théologique et pratique | J61: L'exigence de justice dans l'AT demeure et est approfondie par l'Évangile. | K61: À lire | M61: =HYPERLINK("https://www.bible.com/fr/audio-bible/152/NUM.34.S21","▶ Écouter AT") -> ▶ Écouter AT | N61: =HYPERLINK("https://www.bible.com/fr/audio-bible/152/ROM.1.S21","▶ Écouter NT") -> ▶ Écouter NT
A62: 61 | B62: 02/03 | C62: 9 | D62: Nombres 36 ; Deutéronome 1–2 | E62: Marc 16 | F62: Lecture NT intégrale | G62: Hébreux 4.1-11 | H62: Repos et héritage | I62: Typologie / accomplissement | J62: L'entrée dans le repos promis pointe vers le repos plus profond offert en Christ. | K62: À lire | M62: =HYPERLINK("https://www.bible.com/fr/audio-bible/152/DEU.1.S21","▶ Écouter AT") -> ▶ Écouter AT | N62: =HYPERLINK("https://www.bible.com/fr/audio-bible/152/MRK.16.S21","▶ Écouter NT") -> ▶ Écouter NT | O62: =HYPERLINK("https://www.bible.com/fr/audio-bible/152/HEB.4.S21","▶ Écouter miroir") -> ▶ Écouter miroir
A63: 62 | B63: 03/03 | C63: 9 | D63: Deutéronome 3–4 | E63: Matthieu 3 | F63: Lecture NT intégrale | G63: — | H63: Désert, épreuve et persévérance | I63: Avertissement / contraste | J63: L'expérience du désert avertit contre l'incrédulité et appelle à persévérer dans la foi. | K63: À lire | M63: =HYPERLINK("https://www.bible.com/fr/audio-bible/152/DEU.3.S21","▶ Écouter AT") -> ▶ Écouter AT | N63: =HYPERLINK("https://www.bible.com/fr/audio-bible/152/MAT.3.S21","▶ Écouter NT") -> ▶ Écouter NT
A64: 63 | B64: 04/03 | C64: 9 | D64: Deutéronome 5–7 | E64: Matthieu 6 | F64: Lecture NT intégrale | G64: — | H64: Loi, obéissance et cœur | I64: Continuité théologique et pratique | J64: La Loi révèle la volonté de Dieu ; le NT montre son accomplissement en Christ et son inscription dans une vie renouvelée. | K64: À lire | M64: =HYPERLINK("https://www.bible.com/fr/audio-bible/152/DEU.5.S21","▶ Écouter AT") -> ▶ Écouter AT | N64: =HYPERLINK("https://www.bible.com/fr/audio-bible/152/MAT.6.S21","▶ Écouter NT") -> ▶ Écouter NT
A65: 64 | B65: 05/03 | C65: 10 | D65: Deutéronome 8–9 | E65: Matthieu 7 | F65: Lecture NT intégrale | G65: — | H65: Loi, obéissance et cœur | I65: Continuité théologique et pratique | J65: La Loi révèle la volonté de Dieu ; le NT montre son accomplissement en Christ et son inscription dans une vie renouvelée. | K65: À lire | M65: =HYPERLINK("https://www.bible.com/fr/audio-bible/152/DEU.8.S21","▶ Écouter AT") -> ▶ Écouter AT | N65: =HYPERLINK("https://www.bible.com/fr/audio-bible/152/MAT.7.S21","▶ Écouter NT") -> ▶ Écouter NT
A66: 65 | B66: 06/03 | C66: 10 | D66: Deutéronome 10–12 | E66: Matthieu 5 | F66: Lecture NT intégrale | G66: — | H66: Loi, obéissance et cœur | I66: Continuité théologique et pratique | J66: La Loi révèle la volonté de Dieu ; le NT montre son accomplissement en Christ et son inscription dans une vie renouvelée. | K66: À lire | M66: =HYPERLINK("https://www.bible.com/fr/audio-bible/152/DEU.10.S21","▶ Écouter AT") -> ▶ Écouter AT | N66: =HYPERLINK("https://www.bible.com/fr/audio-bible/152/MAT.5.S21","▶ Écouter NT") -> ▶ Écouter NT
A67: 66 | B67: 07/03 | C67: 10 | D67: Deutéronome 13–14 | E67: Luc 1.32-33 | F67: Écho thématique | G67: — | H67: Roi et royauté | I67: Typologie / accomplissement | J67: La royauté de l'AT prépare le règne du Fils de David, Jésus-Christ. | K67: À lire | M67: =HYPERLINK("https://www.bible.com/fr/audio-bible/152/DEU.13.S21","▶ Écouter AT") -> ▶ Écouter AT | N67: =HYPERLINK("https://www.bible.com/fr/audio-bible/152/LUK.1.S21","▶ Écouter NT") -> ▶ Écouter NT
A68: 67 | B68: 08/03 | C68: 10 | D68: Deutéronome 15–17 | E68: Apocalypse 18 | F68: Lecture NT intégrale | G68: — | H68: Justice et droiture | I68: Continuité théologique et pratique | J68: L'exigence de justice dans l'AT demeure et est approfondie par l'Évangile. | K68: À lire | M68: =HYPERLINK("https://www.bible.com/fr/audio-bible/152/DEU.15.S21","▶ Écouter AT") -> ▶ Écouter AT | N68: =HYPERLINK("https://www.bible.com/fr/audio-bible/152/REV.18.S21","▶ Écouter NT") -> ▶ Écouter NT
A69: 68 | B69: 09/03 | C69: 10 | D69: Deutéronome 18–20 | E69: Romains 12 | F69: Lecture NT intégrale | G69: — | H69: Adoration | I69: Continuité théologique et pratique | J69: Le culte de l'AT prépare l'adoration accomplie en esprit et en vérité. | K69: À lire | M69: =HYPERLINK("https://www.bible.com/fr/audio-bible/152/DEU.18.S21","▶ Écouter AT") -> ▶ Écouter AT | N69: =HYPERLINK("https://www.bible.com/fr/audio-bible/152/ROM.12.S21","▶ Écouter NT") -> ▶ Écouter NT
A70: 69 | B70: 10/03 | C70: 10 | D70: Deutéronome 21–22 | E70: 1 Thessaloniciens 4 | F70: Lecture NT intégrale | G70: Jacques 2.1-9 | H70: Justice et droiture | I70: Continuité théologique et pratique | J70: L'exigence de justice dans l'AT demeure et est approfondie par l'Évangile. | K70: À lire | M70: =HYPERLINK("https://www.bible.com/fr/audio-bible/152/DEU.21.S21","▶ Écouter AT") -> ▶ Écouter AT | N70: =HYPERLINK("https://www.bible.com/fr/audio-bible/152/1TH.4.S21","▶ Écouter NT") -> ▶ Écouter NT | O70: =HYPERLINK("https://www.bible.com/fr/audio-bible/152/JAS.2.S21","▶ Écouter miroir") -> ▶ Écouter miroir
A71: 70 | B71: 11/03 | C71: 10 | D71: Deutéronome 23–25 | E71: 1 Thessaloniciens 3 | F71: Lecture NT intégrale | G71: Jacques 2.1-9 | H71: Justice et droiture | I71: Continuité théologique et pratique | J71: L'exigence de justice dans l'AT demeure et est approfondie par l'Évangile. | K71: À lire | M71: =HYPERLINK("https://www.bible.com/fr/audio-bible/152/DEU.23.S21","▶ Écouter AT") -> ▶ Écouter AT | N71: =HYPERLINK("https://www.bible.com/fr/audio-bible/152/1TH.3.S21","▶ Écouter NT") -> ▶ Écouter NT | O71: =HYPERLINK("https://www.bible.com/fr/audio-bible/152/JAS.2.S21","▶ Écouter miroir") -> ▶ Écouter miroir
A72: 71 | B72: 12/03 | C72: 11 | D72: Deutéronome 26–27 | E72: Galates 5 | F72: Lecture NT intégrale | G72: Hébreux 8.6-13 | H72: Alliance et promesses | I72: Écho thématique | J72: L'alliance de l'AT prépare et éclaire l'accomplissement des promesses en Christ. | K72: À lire | M72: =HYPERLINK("https://www.bible.com/fr/audio-bible/152/DEU.26.S21","▶ Écouter AT") -> ▶ Écouter AT | N72: =HYPERLINK("https://www.bible.com/fr/audio-bible/152/GAL.5.S21","▶ Écouter NT") -> ▶ Écouter NT | O72: =HYPERLINK("https://www.bible.com/fr/audio-bible/152/HEB.8.S21","▶ Écouter miroir") -> ▶ Écouter miroir
A73: 72 | B73: 13/03 | C73: 11 | D73: Deutéronome 28–30 | E73: Luc 11 | F73: Lecture NT intégrale | G73: Hébreux 8.6-13 | H73: Alliance et promesses | I73: Écho thématique | J73: L'alliance de l'AT prépare et éclaire l'accomplissement des promesses en Christ. | K73: À lire | M73: =HYPERLINK("https://www.bible.com/fr/audio-bible/152/DEU.28.S21","▶ Écouter AT") -> ▶ Écouter AT | N73: =HYPERLINK("https://www.bible.com/fr/audio-bible/152/LUK.11.S21","▶ Écouter NT") -> ▶ Écouter NT | O73: =HYPERLINK("https://www.bible.com/fr/audio-bible/152/HEB.8.S21","▶ Écouter miroir") -> ▶ Écouter miroir
A74: 73 | B74: 14/03 | C74: 11 | D74: Deutéronome 31–32 | E74: Luc 10 | F74: Lecture NT intégrale | G74: 1 Pierre 1.3-5 | H74: Espérance | I74: Création / accomplissement eschatologique | J74: L'espérance de l'AT reçoit dans le NT un fondement décisif dans la résurrection et les promesses du Christ. | K74: À lire | M74: =HYPERLINK("https://www.bible.com/fr/audio-bible/152/DEU.31.S21","▶ Écouter AT") -> ▶ Écouter AT | N74: =HYPERLINK("https://www.bible.com/fr/audio-bible/152/LUK.10.S21","▶ Écouter NT") -> ▶ Écouter NT | O74: =HYPERLINK("https://www.bible.com/fr/audio-bible/152/1PE.1.S21","▶ Écouter miroir") -> ▶ Écouter miroir
A75: 74 | B75: 15/03 | C75: 11 | D75: Deutéronome 33–34 ; Josué 1 | E75: Galates 3 | F75: Lecture NT intégrale | G75: — | H75: Alliance et promesses | I75: Écho thématique | J75: L'alliance de l'AT prépare et éclaire l'accomplissement des promesses en Christ. | K75: À lire | M75: =HYPERLINK("https://www.bible.com/fr/audio-bible/152/DEU.33.S21","▶ Écouter AT") -> ▶ Écouter AT | N75: =HYPERLINK("https://www.bible.com/fr/audio-bible/152/GAL.3.S21","▶ Écouter NT") -> ▶ Écouter NT
A76: 75 | B76: 16/03 | C76: 11 | D76: Josué 2–3 | E76: Luc 6 | F76: Lecture NT intégrale | G76: Hébreux 8.6-13 | H76: Alliance et promesses | I76: Écho thématique | J76: L'alliance de l'AT prépare et éclaire l'accomplissement des promesses en Christ. | K76: À lire | M76: =HYPERLINK("https://www.bible.com/fr/audio-bible/152/JOS.2.S21","▶ Écouter AT") -> ▶ Écouter AT | N76: =HYPERLINK("https://www.bible.com/fr/audio-bible/152/LUK.6.S21","▶ Écouter NT") -> ▶ Écouter NT | O76: =HYPERLINK("https://www.bible.com/fr/audio-bible/152/HEB.8.S21","▶ Écouter miroir") -> ▶ Écouter miroir
A77: 76 | B77: 17/03 | C77: 11 | D77: Josué 4–6 | E77: Luc 7 | F77: Lecture NT intégrale | G77: Hébreux 8.6-13 | H77: Alliance et promesses | I77: Écho thématique | J77: L'alliance de l'AT prépare et éclaire l'accomplissement des promesses en Christ. | K77: À lire | M77: =HYPERLINK("https://www.bible.com/fr/audio-bible/152/JOS.4.S21","▶ Écouter AT") -> ▶ Écouter AT | N77: =HYPERLINK("https://www.bible.com/fr/audio-bible/152/LUK.7.S21","▶ Écouter NT") -> ▶ Écouter NT | O77: =HYPERLINK("https://www.bible.com/fr/audio-bible/152/HEB.8.S21","▶ Écouter miroir") -> ▶ Écouter miroir
A78: 77 | B78: 18/03 | C78: 11 | D78: Josué 7–8 | E78: Luc 8 | F78: Lecture NT intégrale | G78: Hébreux 11.1-6 | H78: Foi et confiance | I78: Écho thématique | J78: La confiance en Dieu manifestée dans l'AT rejoint la vie par la foi développée dans le NT. | K78: À lire | M78: =HYPERLINK("https://www.bible.com/fr/audio-bible/152/JOS.7.S21","▶ Écouter AT") -> ▶ Écouter AT | N78: =HYPERLINK("https://www.bible.com/fr/audio-bible/152/LUK.8.S21","▶ Écouter NT") -> ▶ Écouter NT | O78: =HYPERLINK("https://www.bible.com/fr/audio-bible/152/HEB.11.S21","▶ Écouter miroir") -> ▶ Écouter miroir
A79: 78 | B79: 19/03 | C79: 12 | D79: Josué 9–11 | E79: Luc 9 | F79: Lecture NT intégrale | G79: Hébreux 11.1-6 | H79: Foi et confiance | I79: Écho thématique | J79: La confiance en Dieu manifestée dans l'AT rejoint la vie par la foi développée dans le NT. | K79: À lire | M79: =HYPERLINK("https://www.bible.com/fr/audio-bible/152/JOS.9.S21","▶ Écouter AT") -> ▶ Écouter AT | N79: =HYPERLINK("https://www.bible.com/fr/audio-bible/152/LUK.9.S21","▶ Écouter NT") -> ▶ Écouter NT | O79: =HYPERLINK("https://www.bible.com/fr/audio-bible/152/HEB.11.S21","▶ Écouter miroir") -> ▶ Écouter miroir
A80: 79 | B80: 20/03 | C80: 12 | D80: Josué 12–14 | E80: Hébreux 3 | F80: Lecture NT intégrale | G80: — | H80: Repos et héritage | I80: Typologie / accomplissement | J80: L'entrée dans le repos promis pointe vers le repos plus profond offert en Christ. | K80: À lire | M80: =HYPERLINK("https://www.bible.com/fr/audio-bible/152/JOS.12.S21","▶ Écouter AT") -> ▶ Écouter AT | N80: =HYPERLINK("https://www.bible.com/fr/audio-bible/152/HEB.3.S21","▶ Écouter NT") -> ▶ Écouter NT
A81: 80 | B81: 21/03 | C81: 12 | D81: Josué 15–16 | E81: Luc 13 | F81: Lecture NT intégrale | G81: Hébreux 4.1-11 | H81: Repos et héritage | I81: Typologie / accomplissement | J81: L'entrée dans le repos promis pointe vers le repos plus profond offert en Christ. | K81: À lire | M81: =HYPERLINK("https://www.bible.com/fr/audio-bible/152/JOS.15.S21","▶ Écouter AT") -> ▶ Écouter AT | N81: =HYPERLINK("https://www.bible.com/fr/audio-bible/152/LUK.13.S21","▶ Écouter NT") -> ▶ Écouter NT | O81: =HYPERLINK("https://www.bible.com/fr/audio-bible/152/HEB.4.S21","▶ Écouter miroir") -> ▶ Écouter miroir
A82: 81 | B82: 22/03 | C82: 12 | D82: Josué 17–19 | E82: Luc 14 | F82: Lecture NT intégrale | G82: Hébreux 4.1-11 | H82: Repos et héritage | I82: Typologie / accomplissement | J82: L'entrée dans le repos promis pointe vers le repos plus profond offert en Christ. | K82: À lire | M82: =HYPERLINK("https://www.bible.com/fr/audio-bible/152/JOS.17.S21","▶ Écouter AT") -> ▶ Écouter AT | N82: =HYPERLINK("https://www.bible.com/fr/audio-bible/152/LUK.14.S21","▶ Écouter NT") -> ▶ Écouter NT | O82: =HYPERLINK("https://www.bible.com/fr/audio-bible/152/HEB.4.S21","▶ Écouter miroir") -> ▶ Écouter miroir
A83: 82 | B83: 23/03 | C83: 12 | D83: Josué 20–21 | E83: Matthieu 18 | F83: Lecture NT intégrale | G83: Hébreux 4.1-11 | H83: Repos et héritage | I83: Typologie / accomplissement | J83: L'entrée dans le repos promis pointe vers le repos plus profond offert en Christ. | K83: À lire | M83: =HYPERLINK("https://www.bible.com/fr/audio-bible/152/JOS.20.S21","▶ Écouter AT") -> ▶ Écouter AT | N83: =HYPERLINK("https://www.bible.com/fr/audio-bible/152/MAT.18.S21","▶ Écouter NT") -> ▶ Écouter NT | O83: =HYPERLINK("https://www.bible.com/fr/audio-bible/152/HEB.4.S21","▶ Écouter miroir") -> ▶ Écouter miroir
A84: 83 | B84: 24/03 | C84: 12 | D84: Josué 22–24 | E84: Romains 4 | F84: Lecture NT intégrale | G84: — | H84: Alliance et promesses | I84: Écho thématique | J84: L'alliance de l'AT prépare et éclaire l'accomplissement des promesses en Christ. | K84: À lire | M84: =HYPERLINK("https://www.bible.com/fr/audio-bible/152/JOS.22.S21","▶ Écouter AT") -> ▶ Écouter AT | N84: =HYPERLINK("https://www.bible.com/fr/audio-bible/152/ROM.4.S21","▶ Écouter NT") -> ▶ Écouter NT
A85: 84 | B85: 25/03 | C85: 12 | D85: Juges 1–2 | E85: Marc 9 | F85: Lecture NT intégrale | G85: Éphésiens 2.4-10 | H85: Grâce et pardon | I85: Écho thématique | J85: La miséricorde de Dieu dans l'AT s'épanouit dans la grâce manifestée en Jésus-Christ. | K85: À lire | M85: =HYPERLINK("https://www.bible.com/fr/audio-bible/152/JDG.1.S21","▶ Écouter AT") -> ▶ Écouter AT | N85: =HYPERLINK("https://www.bible.com/fr/audio-bible/152/MRK.9.S21","▶ Écouter NT") -> ▶ Écouter NT | O85: =HYPERLINK("https://www.bible.com/fr/audio-bible/152/EPH.2.S21","▶ Écouter miroir") -> ▶ Écouter miroir
A86: 85 | B86: 26/03 | C86: 13 | D86: Juges 3–5 | E86: Marc 10 | F86: Lecture NT intégrale | G86: Éphésiens 2.4-10 | H86: Grâce et pardon | I86: Écho thématique | J86: La miséricorde de Dieu dans l'AT s'épanouit dans la grâce manifestée en Jésus-Christ. | K86: À lire | M86: =HYPERLINK("https://www.bible.com/fr/audio-bible/152/JDG.3.S21","▶ Écouter AT") -> ▶ Écouter AT | N86: =HYPERLINK("https://www.bible.com/fr/audio-bible/152/MRK.10.S21","▶ Écouter NT") -> ▶ Écouter NT | O86: =HYPERLINK("https://www.bible.com/fr/audio-bible/152/EPH.2.S21","▶ Écouter miroir") -> ▶ Écouter miroir
A87: 86 | B87: 27/03 | C87: 13 | D87: Juges 6–7 | E87: Luc 1.32-33 | F87: Écho thématique | G87: — | H87: Roi et royauté | I87: Typologie / accomplissement | J87: La royauté de l'AT prépare le règne du Fils de David, Jésus-Christ. | K87: À lire | M87: =HYPERLINK("https://www.bible.com/fr/audio-bible/152/JDG.6.S21","▶ Écouter AT") -> ▶ Écouter AT | N87: =HYPERLINK("https://www.bible.com/fr/audio-bible/152/LUK.1.S21","▶ Écouter NT") -> ▶ Écouter NT
A88: 87 | B88: 28/03 | C88: 13 | D88: Juges 8–10 | E88: 2 Corinthiens 12 | F88: Lecture NT intégrale | G88: Luc 1.32-33 | H88: Roi et royauté | I88: Typologie / accomplissement | J88: La royauté de l'AT prépare le règne du Fils de David, Jésus-Christ. | K88: À lire | M88: =HYPERLINK("https://www.bible.com/fr/audio-bible/152/JDG.8.S21","▶ Écouter AT") -> ▶ Écouter AT | N88: =HYPERLINK("https://www.bible.com/fr/audio-bible/152/2CO.12.S21","▶ Écouter NT") -> ▶ Écouter NT | O88: =HYPERLINK("https://www.bible.com/fr/audio-bible/152/LUK.1.S21","▶ Écouter miroir") -> ▶ Écouter miroir
A89: 88 | B89: 29/03 | C89: 13 | D89: Juges 11–12 | E89: 2 Corinthiens 11 | F89: Lecture NT intégrale | G89: Éphésiens 2.4-10 | H89: Grâce et pardon | I89: Écho thématique | J89: La miséricorde de Dieu dans l'AT s'épanouit dans la grâce manifestée en Jésus-Christ. | K89: À lire | M89: =HYPERLINK("https://www.bible.com/fr/audio-bible/152/JDG.11.S21","▶ Écouter AT") -> ▶ Écouter AT | N89: =HYPERLINK("https://www.bible.com/fr/audio-bible/152/2CO.11.S21","▶ Écouter NT") -> ▶ Écouter NT | O89: =HYPERLINK("https://www.bible.com/fr/audio-bible/152/EPH.2.S21","▶ Écouter miroir") -> ▶ Écouter miroir
A90: 89 | B90: 30/03 | C90: 13 | D90: Juges 13–15 | E90: 2 Corinthiens 10 | F90: Lecture NT intégrale | G90: Éphésiens 2.4-10 | H90: Grâce et pardon | I90: Écho thématique | J90: La miséricorde de Dieu dans l'AT s'épanouit dans la grâce manifestée en Jésus-Christ. | K90: À lire | M90: =HYPERLINK("https://www.bible.com/fr/audio-bible/152/JDG.13.S21","▶ Écouter AT") -> ▶ Écouter AT | N90: =HYPERLINK("https://www.bible.com/fr/audio-bible/152/2CO.10.S21","▶ Écouter NT") -> ▶ Écouter NT | O90: =HYPERLINK("https://www.bible.com/fr/audio-bible/152/EPH.2.S21","▶ Écouter miroir") -> ▶ Écouter miroir
A91: 90 | B91: 31/03 | C91: 13 | D91: Juges 16–18 | E91: Marc 11 | F91: Lecture NT intégrale | G91: — | H91: Roi et royauté | I91: Typologie / accomplissement | J91: La royauté de l'AT prépare le règne du Fils de David, Jésus-Christ. | K91: À lire | M91: =HYPERLINK("https://www.bible.com/fr/audio-bible/152/JDG.16.S21","▶ Écouter AT") -> ▶ Écouter AT | N91: =HYPERLINK("https://www.bible.com/fr/audio-bible/152/MRK.11.S21","▶ Écouter NT") -> ▶ Écouter NT
A92: 91 | B92: 01/04 | C92: 13 | D92: Juges 19–20 | E92: Marc 12 | F92: Lecture NT intégrale | G92: — | H92: Roi et royauté | I92: Typologie / accomplissement | J92: La royauté de l'AT prépare le règne du Fils de David, Jésus-Christ. | K92: À lire | M92: =HYPERLINK("https://www.bible.com/fr/audio-bible/152/JDG.19.S21","▶ Écouter AT") -> ▶ Écouter AT | N92: =HYPERLINK("https://www.bible.com/fr/audio-bible/152/MRK.12.S21","▶ Écouter NT") -> ▶ Écouter NT
A93: 92 | B93: 02/04 | C93: 14 | D93: Juges 21 ; Ruth 1–2 | E93: Marc 8 | F93: Lecture NT intégrale | G93: Luc 24.25-27 | H93: Messie et accomplissement | I93: Promesse / accomplissement | J93: La figure ou la promesse messianique de l'AT converge vers Jésus. | K93: À lire | M93: =HYPERLINK("https://www.bible.com/fr/audio-bible/152/JDG.21.S21","▶ Écouter AT") -> ▶ Écouter AT | N93: =HYPERLINK("https://www.bible.com/fr/audio-bible/152/MRK.8.S21","▶ Écouter NT") -> ▶ Écouter NT | O93: =HYPERLINK("https://www.bible.com/fr/audio-bible/152/LUK.24.S21","▶ Écouter miroir") -> ▶ Écouter miroir
A94: 93 | B94: 03/04 | C94: 14 | D94: Ruth 3–4 | E94: 1 Jean 4 | F94: Lecture NT intégrale | G94: — | H94: Messie et accomplissement | I94: Promesse / accomplissement | J94: La figure ou la promesse messianique de l'AT converge vers Jésus. | K94: À lire | M94: =HYPERLINK("https://www.bible.com/fr/audio-bible/152/RUT.3.S21","▶ Écouter AT") -> ▶ Écouter AT | N94: =HYPERLINK("https://www.bible.com/fr/audio-bible/152/1JN.4.S21","▶ Écouter NT") -> ▶ Écouter NT
A95: 94 | B95: 04/04 | C95: 14 | D95: 1 Samuel 1–3 | E95: 2 Corinthiens 7 | F95: Lecture NT intégrale | G95: 1 Pierre 1.15-16 | H95: Sainteté | I95: Continuité théologique et pratique | J95: L'appel d'Israël à être saint se prolonge pour le peuple de Dieu dans le NT. | K95: À lire | M95: =HYPERLINK("https://www.bible.com/fr/audio-bible/152/1SA.1.S21","▶ Écouter AT") -> ▶ Écouter AT | N95: =HYPERLINK("https://www.bible.com/fr/audio-bible/152/2CO.7.S21","▶ Écouter NT") -> ▶ Écouter NT | O95: =HYPERLINK("https://www.bible.com/fr/audio-bible/152/1PE.1.S21","▶ Écouter miroir") -> ▶ Écouter miroir
A96: 95 | B96: 05/04 | C96: 14 | D96: 1 Samuel 4–5 | E96: 2 Corinthiens 6 | F96: Lecture NT intégrale | G96: 1 Pierre 1.15-16 | H96: Sainteté | I96: Continuité théologique et pratique | J96: L'appel d'Israël à être saint se prolonge pour le peuple de Dieu dans le NT. | K96: À lire | M96: =HYPERLINK("https://www.bible.com/fr/audio-bible/152/1SA.4.S21","▶ Écouter AT") -> ▶ Écouter AT | N96: =HYPERLINK("https://www.bible.com/fr/audio-bible/152/2CO.6.S21","▶ Écouter NT") -> ▶ Écouter NT | O96: =HYPERLINK("https://www.bible.com/fr/audio-bible/152/1PE.1.S21","▶ Écouter miroir") -> ▶ Écouter miroir
A97: 96 | B97: 06/04 | C97: 14 | D97: 1 Samuel 6–8 | E97: Marc 13 | F97: Lecture NT intégrale | G97: — | H97: Roi et royauté | I97: Typologie / accomplissement | J97: La royauté de l'AT prépare le règne du Fils de David, Jésus-Christ. | K97: À lire | M97: =HYPERLINK("https://www.bible.com/fr/audio-bible/152/1SA.6.S21","▶ Écouter AT") -> ▶ Écouter AT | N97: =HYPERLINK("https://www.bible.com/fr/audio-bible/152/MRK.13.S21","▶ Écouter NT") -> ▶ Écouter NT
A98: 97 | B98: 07/04 | C98: 14 | D98: 1 Samuel 9–10 | E98: Luc 1.32-33 | F98: Écho thématique | G98: — | H98: Roi et royauté | I98: Typologie / accomplissement | J98: La royauté de l'AT prépare le règne du Fils de David, Jésus-Christ. | K98: À lire | M98: =HYPERLINK("https://www.bible.com/fr/audio-bible/152/1SA.9.S21","▶ Écouter AT") -> ▶ Écouter AT | N98: =HYPERLINK("https://www.bible.com/fr/audio-bible/152/LUK.1.S21","▶ Écouter NT") -> ▶ Écouter NT
A99: 98 | B99: 08/04 | C99: 14 | D99: 1 Samuel 11–13 | E99: Luc 1.32-33 | F99: Écho thématique | G99: — | H99: Roi et royauté | I99: Typologie / accomplissement | J99: La royauté de l'AT prépare le règne du Fils de David, Jésus-Christ. | K99: À lire | M99: =HYPERLINK("https://www.bible.com/fr/audio-bible/152/1SA.11.S21","▶ Écouter AT") -> ▶ Écouter AT | N99: =HYPERLINK("https://www.bible.com/fr/audio-bible/152/LUK.1.S21","▶ Écouter NT") -> ▶ Écouter NT
A100: 99 | B100: 09/04 | C100: 15 | D100: 1 Samuel 14–15 | E100: Luc 1.32-33 | F100: Écho thématique | G100: — | H100: Roi et royauté | I100: Typologie / accomplissement | J100: La royauté de l'AT prépare le règne du Fils de David, Jésus-Christ. | K100: À lire | M100: =HYPERLINK("https://www.bible.com/fr/audio-bible/152/1SA.14.S21","▶ Écouter AT") -> ▶ Écouter AT | N100: =HYPERLINK("https://www.bible.com/fr/audio-bible/152/LUK.1.S21","▶ Écouter NT") -> ▶ Écouter NT
...

Sheet Mode d'emploi
A1: PLAN DE LECTURE BIBLIQUE EN 1 AN — AT/NT AVEC LIENS THÉOLOGIQUES
A3: Principe | B3: Toute la Bible est couverte en un an. L'AT est lu dans l'ordre canonique ; les 260 chapitres du NT sont répartis selon leur proximité avec les passages de l'AT.
A4: Pourquoi un « passage miroir » ? | B4: Quand le chapitre NT nécessaire à la couverture intégrale n'offre qu'un lien large avec l'AT, un court passage NT supplémentaire est proposé. Il constitue alors le rapprochement théologique principal du jour.
A5: Lecture quotidienne | B5: Lire l'AT, puis la colonne « Nouveau Testament ». Si la colonne « Passage miroir conseillé » contient une référence, la lire également comme courte clé de rapprochement.
A6: 105 jours d'écho | B6: Le NT ne compte que 260 chapitres pour 365 jours. Les 105 jours sans nouveau chapitre intégral utilisent directement un passage NT en écho : il apparaît alors dans la colonne « Nouveau Testament ».
A7: Nature des liens | B7: Le fichier distingue : promesse/accomplissement, typologie/accomplissement, avertissement/contraste, continuité théologique et pratique, déploiement du dessein de Dieu, ou écho thématique.
A8: Prudence d'interprétation | B8: Un rapprochement thématique n'est pas automatiquement une prophétie. Le plan réserve le langage d'accomplissement aux grands motifs bibliques reconnus et présente les autres relations comme continuité, typologie ou écho.
A9: Thèmes majeurs | B9: Création, chute, alliance, sacrifice, Pâque, Exode, Loi, sainteté, prêtrise, présence, Temple, désert, repos, royauté, Messie, Esprit, nations, mission, souffrance, espérance, résurrection, restauration, nouvelle alliance et nouvelle création.
A10: Rythme | B10: La colonne Date va du 1er janvier au 31 décembre mais le plan peut être commencé n'importe quand en suivant le numéro de jour.
A11: Suivi | B11: La liste déroulante permet : À lire / Lu / À reprendre. La dernière colonne reste libre pour vos notes et versets prioritaires.
A13: Méthode de méditation
A14: 1. | B14: Repérer dans l'AT le problème, la promesse, la figure, l'alliance ou l'action de Dieu.
A15: 2. | B15: Lire le NT et demander : accomplissement, continuité, contraste ou élargissement aux nations ?
A16: 3. | B16: Si un passage miroir est indiqué, l'utiliser pour préciser le lien sans forcer le chapitre NT principal.
A17: 4. | B17: Noter un mot-clé et un verset prioritaire dans chacun des deux Testaments.
A18: 5. | B18: Terminer par une prière issue directement des textes lus.
A20: Version audio
A21: Source principale | B21: Les boutons audio utilisent la Bible Segond 21 sur YouVersion, car cette version dispose d'un audio complet AT + NT et de liens directs par chapitre.
A22: Navigation | B22: Le bouton ouvre le premier chapitre du passage du jour. Pour 2 ou 3 chapitres consécutifs, utiliser simplement « chapitre suivant » dans le lecteur.
A23: Passages partiels | B23: Quand le plan indique seulement quelques versets, le lecteur ouvre le chapitre entier ; la référence du plan indique où commencer/arrêter.

Sheet Couverture NT
A1: Livre NT | B1: Chapitre | C1: Jour attribué | D1: AT associé | E1: Lecture NT intégrale | F1: Miroir si nécessaire
A2: Matthieu | B2: 1 | C2: 56 | D2: Nombres 23–25 | E2: Matthieu 1 | F2: —
A3: Matthieu | B3: 2 | C3: 106 | D3: 2 Samuel 1–2 | E3: Matthieu 2 | F3: —
A4: Matthieu | B4: 3 | C4: 62 | D4: Deutéronome 3–4 | E4: Matthieu 3 | F4: —
A5: Matthieu | B5: 4 | C5: 224 | D5: Psaumes 90–92 | E5: Matthieu 4 | F5: —
A6: Matthieu | B6: 5 | C6: 65 | D6: Deutéronome 10–12 | E6: Matthieu 5 | F6: —
A7: Matthieu | B7: 6 | C7: 63 | D7: Deutéronome 5–7 | E7: Matthieu 6 | F7: —
A8: Matthieu | B8: 7 | C8: 64 | D8: Deutéronome 8–9 | E8: Matthieu 7 | F8: —
A9: Matthieu | B9: 8 | C9: 124 | D9: 2 Rois 1–2 | E9: Matthieu 8 | F9: —
A10: Matthieu | B10: 9 | C10: 125 | D10: 2 Rois 3–5 | E10: Matthieu 9 | F10: —
A11: Matthieu | B11: 10 | C11: 103 | D11: 1 Samuel 24–26 | E11: Matthieu 10 | F11: Luc 1.32-33
A12: Matthieu | B12: 11 | C12: 141 | D12: 1 Chroniques 19–20 | E12: Matthieu 11 | F12: Luc 24.25-27
A13: Matthieu | B13: 12 | C13: 102 | D13: 1 Samuel 22–23 | E13: Matthieu 12 | F13: Luc 1.32-33
... A261: Apocalypse | B261: 22 | C261: 241 | D261: Psaumes 133–135 | E261: Apocalypse 22 | F261: —

Sheet Index des thèmes
A1: Thème | B1: Code interne | C1: Type de relation privilégié
A2: Adoration | B2: worship | C2: Continuité théologique et pratique
A3: Alliance et promesses | B3: covenant | C3: Écho thématique
A4: Alliance nuptiale | B4: bride | C4: Écho thématique
A5: Amour et fidélité | B5: love | C5: Continuité théologique et pratique
A6: Berger et conduite de Dieu | B6: shepherd | C6: Typologie / accomplissement
A7: Chute, péché et besoin de salut | B7: fall | C7: Avertissement / contraste
A8: Création et nouvelle création | B8: creation | C8: Création / accomplissement eschatologique
A9: Désert, épreuve et persévérance | B9: wilderness | C9: Avertissement / contraste
A10: Eau, vie et purification | B10: water | C10: Typologie / accomplissement
A11: Espérance | B11: hope | C11: Création / accomplissement eschatologique
A12: Exode, salut et libération | B12: exodus | C12: Typologie / accomplissement
... A58: Vérité | B58: truth | C58: Écho thématique

Sheet Audio quotidien
A1: Jour | B1: Date | C1: Lecture AT | D1: Lecture NT | E1: Passage miroir | F1: URL audio AT | G1: URL audio NT | H1: URL audio miroir
A2: 1 | B2: 01/01 | C2: Genèse 1–2 | D2: Jean 1.1-5 | E2: — | F2: https://www.bible.com/fr/audio-bible/152/GEN.1.S21 | G2: https://www.bible.com/fr/audio-bible/152/JHN.1.S21
A3: 2 | B3: 02/01 | C3: Genèse 3–5 | D3: Romains 5 | E3: Éphésiens 2.4-10 | F3: https://www.bible.com/fr/audio-bible/152/GEN.3.S21 | G3: https://www.bible.com/fr/audio-bible/152/ROM.5.S21 | H3: https://www.bible.com/fr/audio-bible/152/EPH.2.S21
A4: 3 | B4: 03/01 | C4: Genèse 6–7 | D4: Hébreux 8.6-13 | E4: — | F4: https://www.bible.com/fr/audio-bible/152/GEN.6.S21 | G4: https://www.bible.com/fr/audio-bible/152/HEB.8.S21
A5: 4 | B5: 04/01 | C5: Genèse 8–10 | D5: Actes 15 | E5: — | F5: https://www.bible.com/fr/audio-bible/152/GEN.8.S21 | G5: https://www.bible.com/fr/audio-bible/152/ACT.15.S21
A6: 5 | B6: 05/01 | C6: Genèse 11–12 | D6: Actes 13 | E6: — | F6: https://www.bible.com/fr/audio-bible/152/GEN.11.S21 | G6: https://www.bible.com/fr/audio-bible/152/ACT.13.S21
A7: 6 | B7: 06/01 | C7: Genèse 13–15 | D7: Matthieu 15 | E7: — | F7: https://www.bible.com/fr/audio-bible/152/GEN.13.S21 | G7: https://www.bible.com/fr/audio-bible/152/MAT.15.S21
A8: 7 | B8: 07/01 | C8: Genèse 16–17 | D8: Matthieu 14 | E8: — | F8: https://www.bible.com/fr/audio-bible/152/GEN.16.S21 | G8: https://www.bible.com/fr/audio-bible/152/MAT.14.S21
A9: 8 | B9: 08/01 | C9: Genèse 18–20 | D9: Éphésiens 2.4-10 | E9: — | F9: https://www.bible.com/fr/audio-bible/152/GEN.18.S21 | G9: https://www.bible.com/fr/audio-bible/152/EPH.2.S21
A10: 9 | B10: 09/01 | C10: Genèse 21–22 | D10: Hébreux 10.10-14 | E10: — | F10: https://www.bible.com/fr/audio-bible/152/GEN.21.S21 | G10: https://www.bible.com/fr/audio-bible/152/HEB.10.S21
A11: 10 | B11: 10/01 | C11: Genèse 23–25 | D11: Hébreux 8.6-13 | E11: — | F11: https://www.bible.com/fr/audio-bible/152/GEN.23.S21 | G11: https://www.bible.com/fr/audio-bible/152/HEB.8.S21
A12: 11 | B12: 11/01 | C12: Genèse 26–27 | D12: Hébreux 8.6-13 | E12: — | F12: https://www.bible.com/fr/audio-bible/152/GEN.26.S21 | G12: https://www.bible.com/fr/audio-bible/152/HEB.8.S21
A13: 12 | B13: 12/01 | C13: Genèse 28–30 | D13: Galates 4 | E13: — | F13: https://www.bible.com/fr/audio-bible/152/GEN.28.S21 | G13: https://www.bible.com/fr/audio-bible/152/GAL.4.S21
A14: 13 | B14: 13/01 | C14: Genèse 31–33 | D14: Matthieu 20 | E14: Hébreux 8.6-13 | F14: https://www.bible.com/fr/audio-bible/152/GEN.31.S21 | G14: https://www.bible.com/fr/audio-bible/152/MAT.20.S21 | H14: https://www.bible.com/fr/audio-bible/152/HEB.8.S21
A15: 14 | B15: 14/01 | C15: Genèse 34–35 | D15: Matthieu 19 | E15: Hébreux 8.6-13 | F15: https://www.bible.com/fr/audio-bible/152/GEN.34.S21 | G15: https://www.bible.com/fr/audio-bible/152/MAT.19.S21 | H15: https://www.bible.com/fr/audio-bible/152/HEB.8.S21
A16: 15 | B16: 15/01 | C16: Genèse 36–38 | D16: Actes 26 | E16: Hébreux 8.6-13 | F16: https://www.bible.com/fr/audio-bible/152/GEN.36.S21 | G16: https://www.bible.com/fr/audio-bible/152/ACT.26.S21 | H16: https://www.bible.com/fr/audio-bible/152/HEB.8.S21
A17: 16 | B17: 16/01 | C17: Genèse 39–40 | D17: Actes 24 | E17: 1 Pierre 2.21-24 | F17: https://www.bible.com/fr/audio-bible/152/GEN.39.S21 | G17: https://www.bible.com/fr/audio-bible/152/ACT.24.S21 | H17: https://www.bible.com/fr/audio-bible/152/1PE.2.S21
A18: 17 | B18: 17/01 | C18: Genèse 41–43 | D18: Actes 23 | E18: 1 Pierre 2.21-24 | F18: https://www.bible.com/fr/audio-bible/152/GEN.41.S21 | G18: https://www.bible.com/fr/audio-bible/152/ACT.23.S21 | H18: https://www.bible.com/fr/audio-bible/152/1PE.2.S21
A19: 18 | B19: 18/01 | C19: Genèse 44–45 | D19: Philémon 1 | E19: Éphésiens 4.31-32 | F19: https://www.bible.com/fr/audio-bible/152/GEN.44.S21 | G19: https://www.bible.com/fr/audio-bible/152/PHM.1.S21 | H19: https://www.bible.com/fr/audio-bible/152/EPH.4.S21
A20: 19 | B20: 19/01 | C20: Genèse 46–48 | D20: Actes 16 | E20: — | F20: https://www.bible.com/fr/audio-bible/152/GEN.46.S21 | G20: https://www.bible.com/fr/audio-bible/152/ACT.16.S21
A21: 20 | B21: 20/01 | C21: Genèse 49–50 | D21: Actes 14 | E21: Éphésiens 3.4-6 | F21: https://www.bible.com/fr/audio-bible/152/GEN.49.S21 | G21: https://www.bible.com/fr/audio-bible/152/ACT.14.S21 | H21: https://www.bible.com/fr/audio-bible/152/EPH.3.S21
A22: 21 | B22: 21/01 | C22: Exode 1–3 | D22: 1 Corinthiens 10.1-4 | E22: — | F22: https://www.bible.com/fr/audio-bible/152/EXO.1.S21 | G22: https://www.bible.com/fr/audio-bible/152/1CO.10.S21
A23: 22 | B23: 22/01 | C23: Exode 4–5 | D23: 1 Corinthiens 10 | E23: — | F23: https://www.bible.com/fr/audio-bible/152/EXO.4.S21 | G23: https://www.bible.com/fr/audio-bible/152/1CO.10.S21
A24: 23 | B24: 23/01 | C24: Exode 6–8 | D24: 1 Corinthiens 9 | E24: — | F24: https://www.bible.com/fr/audio-bible/152/EXO.6.S21 | G24: https://www.bible.com/fr/audio-bible/152/1CO.9.S21
A25: 24 | B25: 24/01 | C25: Exode 9–11 | D25: 1 Corinthiens 8 | E25: — | F25: https://www.bible.com/fr/audio-bible/152/EXO.9.S21 | G25: https://www.bible.com/fr/audio-bible/152/1CO.8.S21
A26: 25 | B26: 25/01 | C26: Exode 12–13 | D26: Marc 14 | E26: — | F26: https://www.bible.com/fr/audio-bible/152/EXO.12.S21 | G26: https://www.bible.com/fr/audio-bible/152/MRK.14.S21
A27: 26 | B27: 26/01 | C27: Exode 14–16 | D27: Jean 6 | E27: — | F27: https://www.bible.com/fr/audio-bible/152/EXO.14.S21 | G27: https://www.bible.com/fr/audio-bible/152/JHN.6.S21
A28: 27 | B28: 27/01 | C28: Exode 17–18 | D28: Hébreux 3.7-19 | E28: — | F28: https://www.bible.com/fr/audio-bible/152/EXO.17.S21 | G28: https://www.bible.com/fr/audio-bible/152/HEB.3.S21
A29: 28 | B29: 28/01 | C29: Exode 19–21 | D29: Hébreux 8.6-13 | E29: — | F29: https://www.bible.com/fr/audio-bible/152/EXO.19.S21 | G29: https://www.bible.com/fr/audio-bible/152/HEB.8.S21
A30: 29 | B30: 29/01 | C30: Exode 22–23 | D30: Hébreux 8.6-13 | E30: — | F30: https://www.bible.com/fr/audio-bible/152/EXO.22.S21 | G30: https://www.bible.com/fr/audio-bible/152/HEB.8.S21
A31: 30 | B31: 30/01 | C31: Exode 24–26 | D31: Hébreux 7.23-28 | E31: — | F31: https://www.bible.com/fr/audio-bible/152/EXO.24.S21 | G31: https://www.bible.com/fr/audio-bible/152/HEB.7.S21
A32: 31 | B32: 31/01 | C32: Exode 27–28 | D32: Hébreux 7.23-28 | E32: — | F32: https://www.bible.com/fr/audio-bible/152/EXO.27.S21 | G32: https://www.bible.com/fr/audio-bible/152/HEB.7.S21
A33: 32 | B33: 01/02 | C33: Exode 29–31 | D33: Hébreux 7.23-28 | E33: — | F33: https://www.bible.com/fr/audio-bible/152/EXO.29.S21 | G33: https://www.bible.com/fr/audio-bible/152/HEB.7.S21
... A35: 34 | B35: 03/02 | C35: Exode 34–36 | D35: Romains 9 | E35: — | F35: https://www.bible.com/fr/audio-bible/152/EXO.34.S21 | G35: https://www.bible.com/fr/audio-bible/152/ROM.9.S21
A36: 35 | B36: 04/02 | C36: Exode 37–39 | D36: Galates 6 | E36: Hébreux 9.1-12 | F36: https://www.bible.com/fr/audio-bible/152/EXO.37.S21 | G36: https://www.bible.com/fr/audio-bible/152/GAL.6.S21 | H36: https://www.bible.com/fr/audio-bible/152/HEB.9.S21
A37: 36 | B37: 05/02 | C37: Exode 40 ; Lévitique 1 | D37: Hébreux 10 | E37: — | F37: https://www.bible.com/fr/audio-bible/152/LEV.1.S21 | G37: https://www.bible.com/fr/audio-bible/152/HEB.10.S21
A38: 37 | B38: 06/02 | C38: Lévitique 2–4 | D38: Hébreux 10.10-14 | E38: — | F38: https://www.bible.com/fr/audio-bible/152/LEV.2.S21 | G38: https://www.bible.com/fr/audio-bible/152/HEB.10.S21
A39: 38 | B39: 07/02 | C39: Lévitique 5–6 | D39: Hébreux 10.10-14 | E39: — | F39: https://www.bible.com/fr/audio-bible/152/LEV.5.S21 | G39: https://www.bible.com/fr/audio-bible/152/HEB.10.S21
A40: 39 | B40: 08/02 | C40: Lévitique 7–9 | D40: Hébreux 9 | E40: — | F40: https://www.bible.com/fr/audio-bible/152/LEV.7.S21 | G40: https://www.bible.com/fr/audio-bible/152/HEB.9.S21
A41: 40 | B41: 09/02 | C41: Lévitique 10–11 | D41: Matthieu 23 | E41: Hébreux 7.23-28 | F41: https://www.bible.com/fr/audio-bible/152/LEV.10.S21 | G41: https://www.bible.com/fr/audio-bible/152/MAT.23.S21 | H41: https://www.bible.com/fr/audio-bible/152/HEB.7.S21
A42: 41 | B42: 10/02 | C42: Lévitique 12–14 | D42: 1 Corinthiens 7 | E42: 1 Pierre 1.15-16 | F42: https://www.bible.com/fr/audio-bible/152/LEV.12.S21 | G42: https://www.bible.com/fr/audio-bible/152/1CO.7.S21 | H42: https://www.bible.com/fr/audio-bible/152/1PE.1.S21
A43: 42 | B43: 11/02 | C43: Lévitique 15–16 | D43: Hébreux 8 | E43: — | F43: https://www.bible.com/fr/audio-bible/152/LEV.15.S21 | G43: https://www.bible.com/fr/audio-bible/152/HEB.8.S21
A44: 43 | B44: 12/02 | C44: Lévitique 17–19 | D44: Jacques 2 | E44: Hébreux 10.10-14 | F44: https://www.bible.com/fr/audio-bible/152/LEV.17.S21 | G44: https://www.bible.com/fr/audio-bible/152/JAS.2.S21 | H44: https://www.bible.com/fr/audio-bible/152/HEB.10.S21
A45: 44 | B45: 13/02 | C45: Lévitique 20–21 | D45: Colossiens 3 | E45: Hébreux 10.10-14 | F45: https://www.bible.com/fr/audio-bible/152/LEV.20.S21 | G45: https://www.bible.com/fr/audio-bible/152/COL.3.S21 | H45: https://www.bible.com/fr/audio-bible/152/HEB.10.S21
A46: 45 | B46: 14/02 | C46: Lévitique 22–24 | D46: Matthieu 27 | E46: — | F46: https://www.bible.com/fr/audio-bible/152/LEV.22.S21 | G46: https://www.bible.com/fr/audio-bible/152/MAT.27.S21
A47: 46 | B47: 15/02 | C47: Lévitique 25–27 | D47: Luc 23 | E47: 1 Corinthiens 5.7-8 | F47: https://www.bible.com/fr/audio-bible/152/LEV.25.S21 | G47: https://www.bible.com/fr/audio-bible/152/LUK.23.S21 | H47: https://www.bible.com/fr/audio-bible/152/1CO.5.S21
A48: 47 | B48: 16/02 | C48: Nombres 1–2 | D48: 1 Corinthiens 6 | E48: Hébreux 7.23-28 | F48: https://www.bible.com/fr/audio-bible/152/NUM.1.S21 | G48: https://www.bible.com/fr/audio-bible/152/1CO.6.S21 | H48: https://www.bible.com/fr/audio-bible/152/HEB.7.S21
A49: 48 | B49: 17/02 | C49: Nombres 3–5 | D49: 1 Corinthiens 5 | E49: Hébreux 7.23-28 | F49: https://www.bible.com/fr/audio-bible/152/NUM.3.S21 | G49: https://www.bible.com/fr/audio-bible/152/1CO.5.S21 | H49: https://www.bible.com/fr/audio-bible/152/HEB.7.S21
A50: 49 | B50: 18/02 | C50: Nombres 6–7 | D50: Actes 5 | E50: Hébreux 7.23-28 | F50: https://www.bible.com/fr/audio-bible/152/NUM.6.S21 | G50: https://www.bible.com/fr/audio-bible/152/ACT.5.S21 | H50: https://www.bible.com/fr/audio-bible/152/HEB.7.S21
A51: 50 | B51: 19/02 | C51: Nombres 8–10 | D51: Hébreux 3.7-19 | E51: — | F51: https://www.bible.com/fr/audio-bible/152/NUM.8.S21 | G51: https://www.bible.com/fr/audio-bible/152/HEB.3.S21
A52: 51 | B52: 20/02 | C52: Nombres 11–12 | D52: Matthieu 24 | E52: Hébreux 3.7-19 | F52: https://www.bible.com/fr/audio-bible/152/NUM.11.S21 | G52: https://www.bible.com/fr/audio-bible/152/MAT.24.S21 | H52: https://www.bible.com/fr/audio-bible/152/HEB.3.S21
A53: 52 | B53: 21/02 | C53: Nombres 13–15 | D53: Matthieu 25 | E53: Hébreux 7.23-28 | F53: https://www.bible.com/fr/audio-bible/152/NUM.13.S21 | G53: https://www.bible.com/fr/audio-bible/152/MAT.25.S21 | H53: https://www.bible.com/fr/audio-bible/152/HEB.7.S21
A54: 53 | B54: 22/02 | C54: Nombres 16–17 | D54: Hébreux 7.23-28 | E54: — | F54: https://www.bible.com/fr/audio-bible/152/NUM.16.S21 | G54: https://www.bible.com/fr/audio-bible/152/HEB.7.S21
A55: 54 | B55: 23/02 | C55: Nombres 18–20 | D55: Marc 4 | E55: Hébreux 7.23-28 | F55: https://www.bible.com/fr/audio-bible/152/NUM.18.S21 | G55: https://www.bible.com/fr/audio-bible/152/MRK.4.S21 | H55: https://www.bible.com/fr/audio-bible/152/HEB.7.S21
A56: 55 | B56: 24/02 | C56: Nombres 21–22 | D56: Marc 6 | E56: — | F56: https://www.bible.com/fr/audio-bible/152/NUM.21.S21 | G56: https://www.bible.com/fr/audio-bible/152/MRK.6.S21
A57: 56 | B57: 25/02 | C57: Nombres 23–25 | D57: Matthieu 1 | E57: — | F57: https://www.bible.com/fr/audio-bible/152/NUM.23.S21 | G57: https://www.bible.com/fr/audio-bible/152/MAT.1.S21
A58: 57 | B58: 26/02 | C58: Nombres 26–28 | D58: 1 Timothée 3 | E58: Hébreux 8.6-13 | F58: https://www.bible.com/fr/audio-bible/152/NUM.26.S21 | G58: https://www.bible.com/fr/audio-bible/152/1TI.3.S21 | H58: https://www.bible.com/fr/audio-bible/152/HEB.8.S21
A59: 58 | B59: 27/02 | C59: Nombres 29–30 | D59: Hébreux 12 | E59: — | F59: https://www.bible.com/fr/audio-bible/152/NUM.29.S21 | G59: https://www.bible.com/fr/audio-bible/152/HEB.12.S21
A60: 59 | B60: 28/02 | C60: Nombres 31–33 | D60: Romains 2 | E60: — | F60: https://www.bible.com/fr/audio-bible/152/NUM.31.S21 | G60: https://www.bible.com/fr/audio-bible/152/ROM.2.S21
A61: 60 | B61: 01/03 | C61: Nombres 34–35 | D61: Romains 1 | E61: — | F61: https://www.bible.com/fr/audio-bible/152/NUM.34.S21 | G61: https://www.bible.com/fr/audio-bible/152/ROM.1.S21
A62: 61 | B62: 02/03 | C62: Nombres 36 ; Deutéronome 1–2 | D62: Marc 16 | E62: Hébreux 4.1-11 | F62: https://www.bible.com/fr/audio-bible/152/DEU.1.S21 | G62: https://www.bible.com/fr/audio-bible/152/MRK.16.S21 | H62: https://www.bible.com/fr/audio-bible/152/HEB.4.S21
A63: 62 | B63: 03/03 | C63: Deutéronome 3–4 | D63: Matthieu 3 | E63: — | F63: https://www.bible.com/fr/audio-bible/152/DEU.3.S21 | G63: https://www.bible.com/fr/audio-bible/152/MAT.3.S21
A64: 63 | B64: 04/03 | C64: Deutéronome 5–7 | D64: Matthieu 6 | E64: — | F64: https://www.bible.com/fr/audio-bible/152/DEU.5.S21 | G64: https://www.bible.com/fr/audio-bible/152/MAT.6.S21
A65: 64 | B65: 05/03 | C65: Deutéronome 8–9 | D65: Matthieu 7 | E65: — | F65: https://www.bible.com/fr/audio-bible/152/DEU.8.S21 | G65: https://www.bible.com/fr/audio-bible/152/MAT.7.S21
A66: 65 | B66: 06/03 | C66: Deutéronome 10–12 | D66: Matthieu 5 | E66: — | F66: https://www.bible.com/fr/audio-bible/152/DEU.10.S21 | G66: https://www.bible.com/fr/audio-bible/152/MAT.5.S21
A67: 66 | B67: 07/03 | C67: Deutéronome 13–14 | D67: Luc 1.32-33 | E67: — | F67: https://www.bible.com/fr/audio-bible/152/DEU.13.S21 | G67: https://www.bible.com/fr/audio-bible/152/LUK.1.S21
A68: 67 | B68: 08/03 | C68: Deutéronome 15–17 | D68: Apocalypse 18 | E68: — | F68: https://www.bible.com/fr/audio-bible/152/DEU.15.S21 | G68: https://www.bible.com/fr/audio-bible/152/REV.18.S21
A69: 68 | B69: 09/03 | C69: Deutéronome 18–20 | D69: Romains 12 | E69: — | F69: https://www.bible.com/fr/audio-bible/152/DEU.18.S21 | G69: https://www.bible.com/fr/audio-bible/152/ROM.12.S21
A70: 69 | B70: 10/03 | C70: Deutéronome 21–22 | D70: 1 Thessaloniciens 4 | E70: Jacques 2.1-9 | F70: https://www.bible.com/fr/audio-bible/152/DEU.21.S21 | G70: https://www.bible.com/fr/audio-bible/152/1TH.4.S21 | H70: https://www.bible.com/fr/audio-bible/152/JAS.2.S21
A71: 70 | B71: 11/03 | C71: Deutéronome 23–25 | D71: 1 Thessaloniciens 3 | E71: Jacques 2.1-9 | F71: https://www.bible.com/fr/audio-bible/152/DEU.23.S21 | G71: https://www.bible.com/fr/audio-bible/152/1TH.3.S21 | H71: https://www.bible.com/fr/audio-bible/152/JAS.2.S21
A72: 71 | B72: 12/03 | C72: Deutéronome 26–27 | D72: Galates 5 | E72: Hébreux 8.6-13 | F72: https://www.bible.com/fr/audio-bible/152/DEU.26.S21 | G72: https://www.bible.com/fr/audio-bible/152/GAL.5.S21 | H72: https://www.bible.com/fr/audio-bible/152/HEB.8.S21
A73: 72 | B73: 13/03 | C73: Deutéronome 28–30 | D73: Luc 11 | E73: Hébreux 8.6-13 | F73: https://www.bible.com/fr/audio-bible/152/DEU.28.S21 | G73: https://www.bible.com/fr/audio-bible/152/LUK.11.S21 | H73: https://www.bible.com/fr/audio-bible/152/HEB.8.S21
A74: 73 | B74: 14/03 | C74: Deutéronome 31–32 | D74: Luc 10 | E74: 1 Pierre 1.3-5 | F74: https://www.bible.com/fr/audio-bible/152/DEU.31.S21 | G74: https://www.bible.com/fr/audio-bible/152/LUK.10.S21 | H74: https://www.bible.com/fr/audio-bible/152/1PE.1.S21
A75: 74 | B75: 15/03 | C75: Deutéronome 33–34 ; Josué 1 | D75: Galates 3 | E75: — | F75: https://www.bible.com/fr/audio-bible/152/DEU.33.S21 | G75: https://www.bible.com/fr/audio-bible/152/GAL.3.S21
A76: 75 | B76: 16/03 | C76: Josué 2–3 | D76: Luc 6 | E76: Hébreux 8.6-13 | F76: https://www.bible.com/fr/audio-bible/152/JOS.2.S21 | G76: https://www.bible.com/fr/audio-bible/152/LUK.6.S21 | H76: https://www.bible.com/fr/audio-bible/152/HEB.8.S21
A77: 76 | B77: 17/03 | C77: Josué 4–6 | D77: Luc 7 | E77: Hébreux 8.6-13 | F77: https://www.bible.com/fr/audio-bible/152/JOS.4.S21 | G77: https://www.bible.com/fr/audio-bible/152/LUK.7.S21 | H77: https://www.bible.com/fr/audio-bible/152/HEB.8.S21
A78: 77 | B78: 18/03 | C78: Josué 7–8 | D78: Luc 8 | E78: Hébreux 11.1-6 | F78: https://www.bible.com/fr/audio-bible/152/JOS.7.S21 | G78: https://www.bible.com/fr/audio-bible/152/LUK.8.S21 | H78: https://www.bible.com/fr/audio-bible/152/HEB.11.S21
A79: 78 | B79: 19/03 | C79: Josué 9–11 | D79: Luc 9 | E79: Hébreux 11.1-6 | F79: https://www.bible.com/fr/audio-bible/152/JOS.9.S21 | G79: https://www.bible.com/fr/audio-bible/152/LUK.9.S21 | H79: https://www.bible.com/fr/audio-bible/152/HEB.11.S21
A80: 79 | B80: 20/03 | C80: Josué 12–14 | D80: Hébreux 3 | E80: — | F80: https://www.bible.com/fr/audio-bible/152/JOS.12.S21 | G80: https://www.bible.com/fr/audio-bible/152/HEB.3.S21
A81: 80 | B81: 21/03 | C81: Josué 15–16 | D81: Luc 13 | E81: Hébreux 4.1-11 | F81: https://www.bible.com/fr/audio-bible/152/JOS.15.S21 | G81: https://www.bible.com/fr/audio-bible/152/LUK.13.S21 | H81: https://www.bible.com/fr/audio-bible/152/HEB.4.S21
A82: 81 | B82: 22/03 | C82: Josué 17–19 | D82: Luc 14 | E82: Hébreux 4.1-11 | F82: https://www.bible.com/fr/audio-bible/152/JOS.17.S21 | G82: https://www.bible.com/fr/audio-bible/152/LUK.14.S21 | H82: https://www.bible.com/fr/audio-bible/152/HEB.4.S21
A83: 82 | B83: 23/03 | C83: Josué 20–21 | D83: Matthieu 18 | E83: Hébreux 4.1-11 | F83: https://www.bible.com/fr/audio-bible/152/JOS.20.S21 | G83: https://www.bible.com/fr/audio-bible/152/MAT.18.S21 | H83: https://www.bible.com/fr/audio-bible/152/HEB.4.S21
A84: 83 | B84: 24/03 | C84: Josué 22–24 | D84: Romains 4 | E84: — | F84: https://www.bible.com/fr/audio-bible/152/JOS.22.S21 | G84: https://www.bible.com/fr/audio-bible/152/ROM.4.S21
A85: 84 | B85: 25/03 | C85: Juges 1–2 | D85: Marc 9 | E85: Éphésiens 2.4-10 | F85: https://www.bible.com/fr/audio-bible/152/JDG.1.S21 | G85: https://www.bible.com/fr/audio-bible/152/MRK.9.S21 | H85: https://www.bible.com/fr/audio-bible/152/EPH.2.S21
A86: 85 | B86: 26/03 | C86: Juges 3–5 | D86: Marc 10 | E86: Éphésiens 2.4-10 | F86: https://www.bible.com/fr/audio-bible/152/JDG.3.S21 | G86: https://www.bible.com/fr/audio-bible/152/MRK.10.S21 | H86: https://www.bible.com/fr/audio-bible/152/EPH.2.S21
A87: 86 | B87: 27/03 | C87: Juges 6–7 | D87: Luc 1.32-33 | E87: — | F87: https://www.bible.com/fr/audio-bible/152/JDG.6.S21 | G87: https://www.bible.com/fr/audio-bible/152/LUK.1.S21
A88: 87 | B88: 28/03 | C88: Juges 8–10 | D88: 2 Corinthiens 12 | E88: Luc 1.32-33 | F88: https://www.bible.com/fr/audio-bible/152/JDG.8.S21 | G88: https://www.bible.com/fr/audio-bible/152/2CO.12.S21 | H88: https://www.bible.com/fr/audio-bible/152/LUK.1.S21
A89: 88 | B89: 29/03 | C89: Juges 11–12 | D89: 2 Corinthiens 11 | E89: Éphésiens 2.4-10 | F89: https://www.bible.com/fr/audio-bible/152/JDG.11.S21 | G89: https://www.bible.com/fr/audio-bible/152/2CO.11.S21 | H89: https://www.bible.com/fr/audio-bible/152/EPH.2.S21
A90: 89 | B90: 30/03 | C90: Juges 13–15 | D90: 2 Corinthiens 10 | E90: Éphésiens 2.4-10 | F90: https://www.bible.com/fr/audio-bible/152/JDG.13.S21 | G90: https://www.bible.com/fr/audio-bible/152/2CO.10.S21 | H90: https://www.bible.com/fr/audio-bible/152/EPH.2.S21
A91: 90 | B91: 31/03 | C91: Juges 16–18 | D91: Marc 11 | E91: — | F91: https://www.bible.com/fr/audio-bible/152/JDG.16.S21 | G91: https://www.bible.com/fr/audio-bible/152/MRK.11.S21
A92: 91 | B92: 01/04 | C92: Juges 19–20 | D92: Marc 12 | E92: — | F92: https://www.bible.com/fr/audio-bible/152/JDG.19.S21 | G92: https://www.bible.com/fr/audio-bible/152/MRK.12.S21
A93: 92 | B93: 02/04 | C93: Juges 21 ; Ruth 1–2 | D93: Marc 8 | E93: Luc 24.25-27 | F93: https://www.bible.com/fr/audio-bible/152/JDG.21.S21 | G93: https://www.bible.com/fr/audio-bible/152/MRK.8.S21 | H93: https://www.bible.com/fr/audio-bible/152/LUK.24.S21
A94: 93 | B94: 03/04 | C94: Ruth 3–4 | D94: 1 Jean 4 | E94: — | F94: https://www.bible.com/fr/audio-bible/152/RUT.3.S21 | G94: https://www.bible.com/fr/audio-bible/152/1JN.4.S21
A95: 94 | B95: 04/04 | C95: 1 Samuel 1–3 | D95: 2 Corinthiens 7 | E95: 1 Pierre 1.15-16 | F95: https://www.bible.com/fr/audio-bible/152/1SA.1.S21 | G95: https://www.bible.com/fr/audio-bible/152/2CO.7.S21 | H95: https://www.bible.com/fr/audio-bible/152/1PE.1.S21
A96: 95 | B96: 05/04 | C96: 1 Samuel 4–5 | D96: 2 Corinthiens 6 | E96: 1 Pierre 1.15-16 | F96: https://www.bible.com/fr/audio-bible/152/1SA.4.S21 | G96: https://www.bible.com/fr/audio-bible/152/2CO.6.S21 | H96: https://www.bible.com/fr/audio-bible/152/1PE.1.S21
A97: 96 | B97: 06/04 | C97: 1 Samuel 6–8 | D97: Marc 13 | E97: — | F97: https://www.bible.com/fr/audio-bible/152/1SA.6.S21 | G97: https://www.bible.com/fr/audio-bible/152/MRK.13.S21
A98: 97 | B98: 07/04 | C98: 1 Samuel 9–10 | D98: Luc 1.32-33 | E98: — | F98: https://www.bible.com/fr/audio-bible/152/1SA.9.S21 | G98: https://www.bible.com/fr/audio-bible/152/LUK.1.S21
A99: 98 | B99: 08/04 | C99: 1 Samuel 11–13 | D99: Luc 1.32-33 | E99: — | F99: https://www.bible.com/fr/audio-bible/152/1SA.11.S21 | G99: https://www.bible.com/fr/audio-bible/152/LUK.1.S21
A100: 99 | B100: 09/04 | C100: 1 Samuel 14–15 | D100: Luc 1.32-33 | E100: — | F100: https://www.bible.com/fr/audio-bible/152/1SA.14.S21 | G100: https://www.bible.com/fr/audio-bible/152/LUK.1.S21
A101: 100 | B101: 10/04 | C101: 1 Samuel 16–18 | D101: Luc 3 | E101: — | F101: https://www.bible.com/fr/audio-bible/152/1SA.16.S21 | G101: https://www.bible.com/fr/audio-bible/152/LUK.3.S21
...

Sheet Sources audio
A1: Source | B1: Version | C1: Adresse | D1: Utilisation dans le plan
A2: YouVersion / Bible App | B2: Segond 21 (S21) | C2: https://www.bible.com/fr/audio-bible-app-versions/152-s21-la-bible-segond-21 | D2: Source principale : audio complet de l'Ancien et du Nouveau Testament, chapitre par chapitre.
A3: BibleAudio | B3: Louis Segond 1910 | C3: https://bibleaudio.org/ecouter/louis-segond/ | D3: Alternative gratuite en Louis Segond 1910 ; navigation par livres/listes de lecture.
A5: Comment utiliser les liens audio
A6: 1. | B6: Dans « Plan annuel », cliquer sur ▶ Écouter AT pour ouvrir le premier chapitre AT du jour.
A7: 2. | B7: Quand plusieurs chapitres sont prévus, utiliser « chapitre suivant » dans YouVersion jusqu'à la fin de la référence du jour.
A8: 3. | B8: Cliquer ensuite sur ▶ Écouter NT. Pour un passage limité à quelques versets, l'audio ouvre le chapitre entier : arrêter à la référence indiquée si souhaité.
A9: 4. | B9: Si un passage miroir est indiqué, le bouton bleu ▶ Écouter miroir ouvre le chapitre correspondant.
A10: 5. | B10: Les liens principaux utilisent Segond 21 car l'audio YouVersion couvre toute la Bible dans cette version.

Sheet Lecture du jour
A1: LA BIBLE EN UN AN — LECTURE DU JOUR
A3: Choisir le jour : | C3: 1 | E3: ="Jour "&$C$3&" • "&INDEX('Plan annuel'!$B$2:$B$366,$C$3) -> Jour 1 • 01/01
A5: =INDEX('Plan annuel'!$H$2:$H$366,$C$3) -> Création et nouvelle création
A7: ANCIEN TESTAMENT
A8: =INDEX('Plan annuel'!$D$2:$D$366,$C$3) -> Genèse 1–2
A10: =HYPERLINK(INDEX('Audio quotidien'!$F$2:$F$366,$C$3),"▶ ÉCOUTER L’ANCIEN TESTAMENT") -> ▶ ÉCOUTER L’ANCIEN TESTAMENT
A13: NOUVEAU TESTAMENT
A14: =INDEX('Plan annuel'!$E$2:$E$366,$C$3) -> Jean 1.1-5
A16: =HYPERLINK(INDEX('Audio quotidien'!$G$2:$G$366,$C$3),"▶ ÉCOUTER LE NOUVEAU TESTAMENT") -> ▶ ÉCOUTER LE NOUVEAU TESTAMENT
A19: PASSAGE MIROIR
A20: =IF(INDEX('Plan annuel'!$G$2:$G$366,$C$3)="—","Aucun passage miroir aujourd’hui",INDEX('Plan annuel'!$G$2:$G$366,$C$3)) -> Aucun passage miroir aujourd’hui
A22: =IF(INDEX('Plan annuel'!$G$2:$G$366,$C$3)="—","",HYPERLINK(INDEX('Audio quotidien'!$H$2:$H$366,$C$3),"▶ ÉCOUTER LE PASSAGE MIROIR"))
A25: LIEN THÉOLOGIQUE
A26: =INDEX('Plan annuel'!$I$2:$I$366,$C$3) -> Création / accomplissement eschatologique
A27: =INDEX('Plan annuel'!$J$2:$J$366,$C$3) -> Le texte de l'AT contemple l'œuvre créatrice de Dieu ; le NT la relit à la lumière du Christ et de la nouvelle création.
A32: Suivi : | C32: =INDEX('Plan annuel'!$K$2:$K$366,$C$3) -> À lire
A34: Notes personnelles
A35: =IF(INDEX('Plan annuel'!$L$2:$L$366,$C$3)="","",INDEX('Plan annuel'!$L$2:$L$366,$C$3))
A40: Sur iPhone : si les boutons de cette feuille ne s’ouvrent pas, utilisez la feuille « Liens mobile » (URL directes) ou la page HTML mobile fournie séparément.

Sheet Liens mobile
A1: Jour | B1: Date | C1: Lecture | D1: Référence | E1: Chapitre audio | F1: URL directe | G1: Thème | H1: Conseil
A2: 1 | B2: 01/01 | C2: AT | D2: Genèse 1–2 | E2: Genèse 1 | F2: https://www.bible.com/fr/audio-bible/152/GEN.1.S21 | G2: Création et nouvelle création | H2: Touchez ou copiez l’URL dans Safari
A3: 1 | B3: 01/01 | C3: AT | D3: Genèse 1–2 | E3: Genèse 2 | F3: https://www.bible.com/fr/audio-bible/152/GEN.2.S21
A4: 1 | B4: 01/01 | C4: NT | D4: Jean 1.1-5 | E4: Jean 1 | F4: https://www.bible.com/fr/audio-bible/152/JHN.1.S21
A5: 2 | B5: 02/01 | C5: AT | D5: Genèse 3–5 | E5: Genèse 3 | F5: https://www.bible.com/fr/audio-bible/152/GEN.3.S21 | G5: Grâce et pardon | H5: Touchez ou copiez l’URL dans Safari
A6: 2 | B6: 02/01 | C6: AT | D6: Genèse 3–5 | E6: Genèse 4 | F6: https://www.bible.com/fr/audio-bible/152/GEN.4.S21
A7: 2 | B7: 02/01 | C7: AT | D7: Genèse 3–5 | E7: Genèse 5 | F7: https://www.bible.com/fr/audio-bible/152/GEN.5.S21
A8: 2 | B8: 02/01 | C8: NT | D8: Romains 5 | E8: Romains 5 | F8: https://www.bible.com/fr/audio-bible/152/ROM.5.S21
A9: 2 | B9: 02/01 | C9: Miroir | D9: Éphésiens 2.4-10 | E9: Éphésiens 2 | F9: https://www.bible.com/fr/audio-bible/152/EPH.2.S21
A10: 3 | B10: 03/01 | C10: AT | D10: Genèse 6–7 | E10: Genèse 6 | F10: https://www.bible.com/fr/audio-bible/152/GEN.6.S21 | G10: Alliance et promesses | H10: Touchez ou copiez l’URL dans Safari
A11: 3 | B11: 03/01 | C11: AT | D11: Genèse 6–7 | E11: Genèse 7 | F11: https://www.bible.com/fr/audio-bible/152/GEN.7.S21
A12: 3 | B12: 03/01 | C12: NT | D12: Hébreux 8.6-13 | E12: Hébreux 8 | F12: https://www.bible.com/fr/audio-bible/152/HEB.8.S21
A13: 4 | B13: 04/01 | C13: AT | D13: Genèse 8–10 | E13: Genèse 8 | F13: https://www.bible.com/fr/audio-bible/152/GEN.8.S21 | G13: Nations et universalité du salut | H13: Touchez ou copiez l’URL dans Safari
A14: 4 | B14: 04/01 | C14: AT | D14: Genèse 8–10 | E14: Genèse 9 | F14: https://www.bible.com/fr/audio-bible/152/GEN.9.S21
A15: 4 | B15: 04/01 | C15: AT | D15: Genèse 8–10 | E15: Genèse 10 | F15: https://www.bible.com/fr/audio-bible/152/GEN.10.S21
A16: 4 | B16: 04/01 | C16: NT | D16: Actes 15 | E16: Actes 15 | F16: https://www.bible.com/fr/audio-bible/152/ACT.15.S21
A17: 5 | B17: 05/01 | C17: AT | D17: Genèse 11–12 | E17: Genèse 11 | F17: https://www.bible.com/fr/audio-bible/152/GEN.11.S21 | G17: Nations et universalité du salut | H17: Touchez ou copiez l’URL dans Safari
A18: 5 | B18: 05/01 | C18: AT | D18: Genèse 11–12 | E18: Genèse 12 | F18: https://www.bible.com/fr/audio-bible/152/GEN.12.S21
A19: 5 | B19: 05/01 | C19: NT | D19: Actes 13 | E19: Actes 13 | F19: https://www.bible.com/fr/audio-bible/152/ACT.13.S21
A20: 6 | B20: 06/01 | C20: AT | D20: Genèse 13–15 | E20: Genèse 13 | F20: https://www.bible.com/fr/audio-bible/152/GEN.13.S21 | G20: Nations et universalité du salut | H20: Touchez ou copiez l’URL dans Safari
A21: 6 | B21: 06/01 | C21: AT | D21: Genèse 13–15 | E21: Genèse 14 | F21: https://www.bible.com/fr/audio-bible/152/GEN.14.S21
A22: 6 | B22: 06/01 | C22: AT | D22: Genèse 13–15 | E22: Genèse 15 | F22: https://www.bible.com/fr/audio-bible/152/GEN.15.S21
A23: 6 | B23: 06/01 | C23: NT | D23: Matthieu 15 | E23: Matthieu 15 | F23: https://www.bible.com/fr/audio-bible/152/MAT.15.S21
A24: 7 | B24: 07/01 | C24: AT | D24: Genèse 16–17 | E24: Genèse 16 | F24: https://www.bible.com/fr/audio-bible/152/GEN.16.S21 | G24: Nations et universalité du salut | H24: Touchez ou copiez l’URL dans Safari
A25: 7 | B25: 07/01 | C25: AT | D25: Genèse 16–17 | E25: Genèse 17 | F25: https://www.bible.com/fr/audio-bible/152/GEN.17.S21
A26: 7 | B26: 07/01 | C26: NT | D26: Matthieu 14 | E26: Matthieu 14 | F26: https://www.bible.com/fr/audio-bible/152/MAT.14.S21
A27: 8 | B27: 08/01 | C27: AT | D27: Genèse 18–20 | E27: Genèse 18 | F27: https://www.bible.com/fr/audio-bible/152/GEN.18.S21 | G27: Grâce et pardon | H27: Touchez ou copiez l’URL dans Safari
A28: 8 | B28: 08/01 | C28: AT | D28: Genèse 18–20 | E28: Genèse 19 | F28: https://www.bible.com/fr/audio-bible/152/GEN.19.S21
A29: 8 | B29: 08/01 | C29: AT | D29: Genèse 18–20 | E29: Genèse 20 | F29: https://www.bible.com/fr/audio-bible/152/GEN.20.S21
A30: 8 | B30: 08/01 | C30: NT | D30: Éphésiens 2.4-10 | E30: Éphésiens 2 | F30: https://www.bible.com/fr/audio-bible/152/EPH.2.S21
A31: 9 | B31: 09/01 | C31: AT | D31: Genèse 21–22 | E31: Genèse 21 | F31: https://www.bible.com/fr/audio-bible/152/GEN.21.S21 | G31: Sacrifice et expiation | H31: Touchez ou copiez l’URL dans Safari
A32: 9 | B32: 09/01 | C32: AT | D32: Genèse 21–22 | E32: Genèse 22 | F32: https://www.bible.com/fr/audio-bible/152/GEN.22.S21
A33: 9 | B33: 09/01 | C33: NT | D33: Hébreux 10.10-14 | E33: Hébreux 10 | F33: https://www.bible.com/fr/audio-bible/152/HEB.10.S21
A34: 10 | B34: 10/01 | C34: AT | D34: Genèse 23–25 | E34: Genèse 23 | F34: https://www.bible.com/fr/audio-bible/152/GEN.23.S21 | G34: Alliance et promesses | H34: Touchez ou copiez l’URL dans Safari
A35: 10 | B35: 10/01 | C35: AT | D35: Genèse 23–25 | E35: Genèse 24 | F35: https://www.bible.com/fr/audio-bible/152/GEN.24.S21
A36: 10 | B36: 10/01 | C36: AT | D36: Genèse 23–25 | E36: Genèse 25 | F36: https://www.bible.com/fr/audio-bible/152/GEN.25.S21
A37: 10 | B37: 10/01 | C37: NT | D37: Hébreux 8.6-13 | E37: Hébreux 8 | F37: https://www.bible.com/fr/audio-bible/152/HEB.8.S21
A38: 11 | B38: 11/01 | C38: AT | D38: Genèse 26–27 | E38: Genèse 26 | F38: https://www.bible.com/fr/audio-bible/152/GEN.26.S21 | G38: Alliance et promesses | H38: Touchez ou copiez l’URL dans Safari
A39: 11 | B39: 11/01 | C39: AT | D39: Genèse 26–27 | E39: Genèse 27 | F39: https://www.bible.com/fr/audio-bible/152/GEN.27.S21
A40: 11 | B40: 11/01 | C40: NT | D40: Hébreux 8.6-13 | E40: Hébreux 8 | F40: https://www.bible.com/fr/audio-bible/152/HEB.8.S21
A41: 12 | B41: 12/01 | C41: AT | D41: Genèse 28–30 | E41: Genèse 28 | F41: https://www.bible.com/fr/audio-bible/152/GEN.28.S21 | G41: Alliance et promesses | H41: Touchez ou copiez l’URL dans Safari
A42: 12 | B42: 12/01 | C42: AT | D42: Genèse 28–30 | E42: Genèse 29 | F42: https://www.bible.com/fr/audio-bible/152/GEN.29.S21
A43: 12 | B43: 12/01 | C43: AT | D43: Genèse 28–30 | E43: Genèse 30 | F43: https://www.bible.com/fr/audio-bible/152/GEN.30.S21
A44: 12 | B44: 12/01 | C44: NT | D44: Galates 4 | E44: Galates 4 | F44: https://www.bible.com/fr/audio-bible/152/GAL.4.S21
A45: 13 | B45: 13/01 | C45: AT | D45: Genèse 31–33 | E45: Genèse 31 | F45: https://www.bible.com/fr/audio-bible/152/GEN.31.S21 | G45: Alliance et promesses | H45: Touchez ou copiez l’URL dans Safari
A46: 13 | B46: 13/01 | C46: AT | D46: Genèse 31–33 | E46: Genèse 32 | F46: https://www.bible.com/fr/audio-bible/152/GEN.32.S21
A47: 13 | B47: 13/01 | C47: AT | D47: Genèse 31–33 | E47: Genèse 33 | F47: https://www.bible.com/fr/audio-bible/152/GEN.33.S21
A48: 13 | B48: 13/01 | C48: NT | D48: Matthieu 20 | E48: Matthieu 20 | F48: https://www.bible.com/fr/audio-bible/152/MAT.20.S21
A49: 13 | B49: 13/01 | C49: Miroir | D49: Hébreux 8.6-13 | E49: Hébreux 8 | F49: https://www.bible.com/fr/audio-bible/152/HEB.8.S21
A50: 14 | B50: 14/01 | C50: AT | D50: Genèse 34–35 | E50: Genèse 34 | F50: https://www.bible.com/fr/audio-bible/152/GEN.34.S21 | G50: Alliance et promesses | H50: Touchez ou copiez l’URL dans Safari
A51: 14 | B51: 14/01 | C51: AT | D51: Genèse 34–35 | E51: Genèse 35 | F51: https://www.bible.com/fr/audio-bible/152/GEN.35.S21
A52: 14 | B52: 14/01 | C52: NT | D52: Matthieu 19 | E52: Matthieu 19 | F52: https://www.bible.com/fr/audio-bible/152/MAT.19.S21
A53: 14 | B53: 14/01 | C53: Miroir | D53: Hébreux 8.6-13 | E53: Hébreux 8 | F53: https://www.bible.com/fr/audio-bible/152/HEB.8.S21
A54: 15 | B54: 15/01 | C54: AT | D54: Genèse 36–38 | E54: Genèse 36 | F54: https://www.bible.com/fr/audio-bible/152/GEN.36.S21 | G54: Alliance et promesses | H54: Touchez ou copiez l’URL dans Safari
A55: 15 | B55: 15/01 | C55: AT | D55: Genèse 36–38 | E55: Genèse 37 | F55: https://www.bible.com/fr/audio-bible/152/GEN.37.S21
A56: 15 | B56: 15/01 | C56: AT | D56: Genèse 36–38 | E56: Genèse 38 | F56: https://www.bible.com/fr/audio-bible/152/GEN.38.S21
A57: 15 | B57: 15/01 | C57: NT | D57: Actes 26 | E57: Actes 26 | F57: https://www.bible.com/fr/audio-bible/152/ACT.26.S21
A58: 15 | B58: 15/01 | C58: Miroir | D58: Hébreux 8.6-13 | E58: Hébreux 8 | F58: https://www.bible.com/fr/audio-bible/152/HEB.8.S21
A59: 16 | B59: 16/01 | C59: AT | D59: Genèse 39–40 | E59: Genèse 39 | F59: https://www.bible.com/fr/audio-bible/152/GEN.39.S21 | G59: Souffrance et persévérance | H59: Touchez ou copiez l’URL dans Safari
A60: 16 | B60: 16/01 | C60: AT | D60: Genèse 39–40 | E60: Genèse 40 | F60: https://www.bible.com/fr/audio-bible/152/GEN.40.S21
A61: 16 | B61: 16/01 | C61: NT | D61: Actes 24 | E61: Actes 24 | F61: https://www.bible.com/fr/audio-bible/152/ACT.24.S21
A62: 16 | B62: 16/01 | C62: Miroir | D62: 1 Pierre 2.21-24 | E62: 1 Pierre 2 | F62: https://www.bible.com/fr/audio-bible/152/1PE.2.S21
A63: 17 | B63: 17/01 | C63: AT | D63: Genèse 41–43 | E63: Genèse 41 | F63: https://www.bible.com/fr/audio-bible/152/GEN.41.S21 | G63: Souffrance et persévérance | H63: Touchez ou copiez l’URL dans Safari
A64: 17 | B64: 17/01 | C64: AT | D64: Genèse 41–43 | E64: Genèse 42 | F64: https://www.bible.com/fr/audio-bible/152/GEN.42.S21
A65: 17 | B65: 17/01 | C65: AT | D65: Genèse 41–43 | E65: Genèse 43 | F65: https://www.bible.com/fr/audio-bible/152/GEN.43.S21
A66: 17 | B66: 17/01 | C66: NT | D66: Actes 23 | E66: Actes 23 | F66: https://www.bible.com/fr/audio-bible/152/ACT.23.S21
A67: 17 | B67: 17/01 | C67: Miroir | D67: 1 Pierre 2.21-24 | E67: 1 Pierre 2 | F67: https://www.bible.com/fr/audio-bible/152/1PE.2.S21
A68: 18 | B68: 18/01 | C68: AT | D68: Genèse 44–45 | E68: Genèse 44 | F68: https://www.bible.com/fr/audio-bible/152/GEN.44.S21 | G68: Pardon | H68: Touchez ou copiez l’URL dans Safari
A69: 18 | B69: 18/01 | C69: AT | D69: Genèse 44–45 | E69: Genèse 45 | F69: https://www.bible.com/fr/audio-bible/152/GEN.45.S21
A70: 18 | B70: 18/01 | C70: NT | D70: Philémon 1 | E70: Philémon 1 | F70: https://www.bible.com/fr/audio-bible/152/PHM.1.S21
A71: 18 | B71: 18/01 | C71: Miroir | D71: Éphésiens 4.31-32 | E71: Éphésiens 4 | F71: https://www.bible.com/fr/audio-bible/152/EPH.4.S21
A72: 19 | B72: 19/01 | C72: AT | D72: Genèse 46–48 | E72: Genèse 46 | F72: https://www.bible.com/fr/audio-bible/152/GEN.46.S21 | G72: Nations et universalité du salut | H72: Touchez ou copiez l’URL dans Safari
A73: 19 | B73: 19/01 | C73: AT | D73: Genèse 46–48 | E73: Genèse 47 | F73: https://www.bible.com/fr/audio-bible/152/GEN.47.S21
A74: 19 | B74: 19/01 | C74: AT | D74: Genèse 46–48 | E74: Genèse 48 | F74: https://www.bible.com/fr/audio-bible/152/GEN.48.S21
A75: 19 | B75: 19/01 | C75: NT | D75: Actes 16 | E75: Actes 16 | F75: https://www.bible.com/fr/audio-bible/152/ACT.16.S21
A76: 20 | B76: 20/01 | C76: AT | D76: Genèse 49–50 | E76: Genèse 49 | F76: https://www.bible.com/fr/audio-bible/152/GEN.49.S21 | G76: Nations et universalité du salut | H76: Touchez ou copiez l’URL dans Safari
A77: 20 | B77: 20/01 | C77: AT | D77: Genèse 49–50 | E77: Genèse 50 | F77: https://www.bible.com/fr/audio-bible/152/GEN.50.S21
A78: 20 | B78: 20/01 | C78: NT | D78: Actes 14 | E78: Actes 14 | F78: https://www.bible.com/fr/audio-bible/152/ACT.14.S21
A79: 20 | B79: 20/01 | C79: Miroir | D79: Éphésiens 3.4-6 | E79: Éphésiens 3 | F79: https://www.bible.com/fr/audio-bible/152/EPH.3.S21
A80: 21 | B80: 21/01 | C80: AT | D80: Exode 1–3 | E80: Exode 1 | F80: https://www.bible.com/fr/audio-bible/152/EXO.1.S21 | G80: Exode, salut et libération | H80: Touchez ou copiez l’URL dans Safari
A81: 21 | B81: 21/01 | C81: AT | D81: Exode 1–3 | E81: Exode 2 | F81: https://www.bible.com/fr/audio-bible/152/EXO.2.S21
A82: 21 | B82: 21/01 | C82: AT | D82: Exode 1–3 | E82: Exode 3 | F82: https://www.bible.com/fr/audio-bible/152/EXO.3.S21
A83: 21 | B83: 21/01 | C83: NT | D83: 1 Corinthiens 10.1-4 | E83: 1 Corinthiens 10 | F83: https://www.bible.com/fr/audio-bible/152/1CO.10.S21
A84: 22 | B84: 22/01 | C84: AT | D84: Exode 4–5 | E84: Exode 4 | F84: https://www.bible.com/fr/audio-bible/152/EXO.4.S21 | G84: Exode, salut et libération | H84: Touchez ou copiez l’URL dans Safari
A85: 22 | B85: 22/01 | C85: AT | D85: Exode 4–5 | E85: Exode 5 | F85: https://www.bible.com/fr/audio-bible/152/EXO.5.S21
A86: 22 | B86: 22/01 | C86: NT | D86: 1 Corinthiens 10 | E86: 1 Corinthiens 10 | F86: https://www.bible.com/fr/audio-bible/152/1CO.10.S21
A87: 23 | B87: 23/01 | C87: AT | D87: Exode 6–8 | E87: Exode 6 | F87: https://www.bible.com/fr/audio-bible/152/EXO.6.S21 | G87: Exode, salut et libération | H87: Touchez ou copiez l’URL dans Safari
A88: 23 | B88: 23/01 | C88: AT | D88: Exode 6–8 | E88: Exode 7 | F88: https://www.bible.com/fr/audio-bible/152/EXO.7.S21
A89: 23 | B89: 23/01 | C89: AT | D89: Exode 6–8 | E89: Exode 8 | F89: https://www.bible.com/fr/audio-bible/152/EXO.8.S21
A90: 23 | B90: 23/01 | C90: NT | D90: 1 Corinthiens 9 | E90: 1 Corinthiens 9 | F90: https://www.bible.com/fr/audio-bible/152/1CO.9.S21
A91: 24 | B91: 24/01 | C91: AT | D91: Exode 9–11 | E91: Exode 9 | F91: https://www.bible.com/fr/audio-bible/152/EXO.9.S21 | G91: Exode, salut et libération | H91: Touchez ou copiez l’URL dans Safari
A92: 24 | B92: 24/01 | C92: AT | D92: Exode 9–11 | E92: Exode 10 | F92: https://www.bible.com/fr/audio-bible/152/EXO.10.S21
A93: 24 | B93: 24/01 | C93: AT | D93: Exode 9–11 | E93: Exode 11 | F93: https://www.bible.com/fr/audio-bible/152/EXO.11.S21
A94: 24 | B94: 24/01 | C94: NT | D94: 1 Corinthiens 8 | E94: 1 Corinthiens 8 | F94: https://www.bible.com/fr/audio-bible/152/1CO.8.S21
A95: 25 | B95: 25/01 | C95: AT | D95: Exode 12–13 | E95: Exode 12 | F95: https://www.bible.com/fr/audio-bible/152/EXO.12.S21 | G95: Sacrifice et expiation | H95: Touchez ou copiez l’URL dans Safari
A96: 25 | B96: 25/01 | C96: AT | D96: Exode 12–13 | E96: Exode 13 | F96: https://www.bible.com/fr/audio-bible/152/EXO.13.S21
A97: 25 | B97: 25/01 | C97: NT | D97: Marc 14 | E97: Marc 14 | F97: https://www.bible.com/fr/audio-bible/152/MRK.14.S21
A98: 26 | B98: 26/01 | C98: AT | D98: Exode 14–16 | E98: Exode 14 | F98: https://www.bible.com/fr/audio-bible/152/EXO.14.S21 | G98: Exode, salut et libération | H98: Touchez ou copiez l’URL dans Safari
A99: 26 | B99: 26/01 | C99: AT | D99: Exode 14–16 | E99: Exode 15 | F99: https://www.bible.com/fr/audio-bible/152/EXO.15.S21
A100: 26 | B100: 26/01 | C100: AT | D100: Exode 14–16 | E100: Exode 16 | F100: https://www.bible.com/fr/audio-bible/152/EXO.16.S21
...
